name,rating,price,zip_code,categories,cuisine,borough
Osteria Brooklyn,4.5,$$$,11205,Italian,Italian,"Brooklyn, NY"
Piccoli Trattoria,4.5,$$,11215,"Italian, Pasta Shops, Wine Bars",Italian,"Brooklyn, NY"
Forma Pasta Factory,4.5,$$,11238,"Italian, Pasta Shops, Salad",Italian,"Brooklyn, NY"
Michael's of Brooklyn,4.5,$$$,11229,Italian,Italian,"Brooklyn, NY"
Lillo Cucina Italiana,5.0,$$,11201,"Cafes, Italian",Italian,"Brooklyn, NY"
Barbalu - Brooklyn,4.5,Not Available,11201,"Italian, Pizza, Bars",Italian,"Brooklyn, NY"
Cent'Anni,4.0,$$,11238,Italian,Italian,"Brooklyn, NY"
Ammazzacaffè,4.5,$$,11211,"Cocktail Bars, Italian, Wine Bars",Italian,"Brooklyn, NY"
Loreto Italian Kitchen & Bar,4.5,Not Available,11217,"Lounges, Italian, Wine Bars",Italian,"Brooklyn, NY"
Mariella,4.5,$$,11215,"Italian, Gluten-Free, Salad",Italian,"Brooklyn, NY"
Aita Trattoria,4.0,$$,11238,"Italian, Wine Bars, Cocktail Bars",Italian,"Brooklyn, NY"
Positano Restaurant,4.5,$$$,11209,"Italian, Gluten-Free, Seafood",Italian,"Brooklyn, NY"
Botte Brooklyn,4.5,Not Available,11201,"Italian, Pizza",Italian,"Brooklyn, NY"
Fragole Ristorante,4.5,$$,11231,"Italian, Wine Bars, Cocktail Bars",Italian,"Brooklyn, NY"
Mama Rao Cucina Italiana,4.5,$$$,11219,"Italian, Party & Event Planning",Italian,"Brooklyn, NY"
Scottadito Osteria Toscana,4.0,$$$,11215,"Italian, Venues & Event Spaces",Italian,"Brooklyn, NY"
Da Andrea - Greenwich Village,4.5,$$,10011,"Italian, Mediterranean, Breakfast & Brunch",Italian,"Brooklyn, NY"
Barboncino Pizza & Bar,4.5,$$,11238,"Pizza, Bars, Italian",Italian,"Brooklyn, NY"
Brooklyn Roots Italian,4.5,$$$,11209,Italian,Italian,"Brooklyn, NY"
Pecoraro Latteria,5.0,Not Available,11211,"Italian, Specialty Food, Sandwiches",Italian,"Brooklyn, NY"
Il Posto,4.0,$$$,11234,Italian,Italian,"Brooklyn, NY"
Testo,4.5,$$,11206,"Italian, Gluten-Free, Breakfast & Brunch",Italian,"Brooklyn, NY"
Saraghina Pizzeria,4.0,$$,11233,"Pizza, Italian, Bars",Italian,"Brooklyn, NY"
Gersi,4.5,$$,11231,"Italian, Wine Bars, Breakfast & Brunch",Italian,"Brooklyn, NY"
Gino's Brick Oven Pizza & Trattoria,4.0,$$,11225,"Italian, Pizza, Wine Bars",Italian,"Brooklyn, NY"
Bamonte's,4.0,$$,11211,Italian,Italian,"Brooklyn, NY"
ViaRoma,4.5,Not Available,11238,"Breakfast & Brunch, Italian",Italian,"Brooklyn, NY"
Lilia,4.0,$$$$,11211,"Italian, Cocktail Bars",Italian,"Brooklyn, NY"
Macosa Trattoria,4.5,Not Available,11216,"Italian, Comfort Food",Italian,"Brooklyn, NY"
Rustico Taverna,4.5,Not Available,11385,"Italian, Pizza",Italian,"Brooklyn, NY"
Don Angie,4.5,$$$,10014,"Italian, New American",Italian,"Brooklyn, NY"
Evelina,4.5,$$,11205,Italian,Italian,"Brooklyn, NY"
Camillo,4.0,$$,11225,Italian,Italian,"Brooklyn, NY"
Da Nonna Rosa,4.0,$$,11215,"Italian, Pizza, Venues & Event Spaces",Italian,"Brooklyn, NY"
Il Colosseo,4.0,$$,11214,"Italian, Pizza",Italian,"Brooklyn, NY"
Gino's Restaurant,4.0,$$,11209,"Pizza, Italian, Wine Bars",Italian,"Brooklyn, NY"
Fontanas's,4.0,$$,11234,"Italian, Seafood, Wraps",Italian,"Brooklyn, NY"
Vetro Restaurant & Lounge,4.5,$$$,11414,"Italian, Lounges, Venues & Event Spaces",Italian,"Brooklyn, NY"
La Palina Restaurant,4.0,$$,11204,Italian,Italian,"Brooklyn, NY"
Santa Panza,4.5,$$,11221,"Pizza, Italian, Breakfast & Brunch",Italian,"Brooklyn, NY"
Pasta Louise Cafe,4.5,$$,11215,"Italian, Pasta Shops, Sandwiches",Italian,"Brooklyn, NY"
Aurora,4.0,$$,11249,"Italian, Comfort Food",Italian,"Brooklyn, NY"
Cavatappi NYC,4.5,Not Available,11228,Italian,Italian,"Brooklyn, NY"
Locanda Vini e Olii,4.0,$$$,11238,"Italian, Wine Bars",Italian,"Brooklyn, NY"
Montesacro Pinseria Brooklyn,4.5,$$,11211,"Italian, Pizza, Bars",Italian,"Brooklyn, NY"
Roberta's,4.0,$$,11206,"Pizza, Italian",Italian,"Brooklyn, NY"
Olio e Più,4.5,$$,10014,"Pizza, Italian, Cocktail Bars",Italian,"Brooklyn, NY"
Don Peppe,4.0,$$$,11420,"Italian, Desserts, Seafood",Italian,"Brooklyn, NY"
Barano,4.5,$$$,11249,"Pizza, Italian, Desserts",Italian,"Brooklyn, NY"
Juliana's,4.5,$$,11201,Pizza,Italian,"Brooklyn, NY"
Three Maples,5.0,Not Available,11216,"Burgers, Cocktail Bars, New American",American,"Brooklyn, NY"
Arden,4.5,Not Available,11238,New American,American,"Brooklyn, NY"
The Brooklyn Tree,4.5,$$,11206,"Comfort Food, New American, Breakfast & Brunch",American,"Brooklyn, NY"
South Brooklyn Foundry,4.5,$$,11209,"New American, Breakfast & Brunch, Burgers",American,"Brooklyn, NY"
Sweet Brooklyn Bar And Grill,4.0,$$,11216,"Gastropubs, American, Breakfast & Brunch",American,"Brooklyn, NY"
Milk & Honey Cafe,4.0,$$,11230,"Coffee & Tea, Desserts, Breakfast & Brunch",American,"Brooklyn, NY"
The Cabin NYC,4.0,$$,10009,"New American, Cocktail Bars, Breakfast & Brunch",American,"Brooklyn, NY"
Flatiron Restaurant,4.5,Not Available,11215,"Steakhouses, Burgers, Bars",American,"Brooklyn, NY"
The Wheelhouse,4.0,$$,11237,"New American, Sandwiches, Bars",American,"Brooklyn, NY"
Midwood Flats,4.0,$$,11225,"Cocktail Bars, Pubs, Bartenders",American,"Brooklyn, NY"
Endswell Bar & Bistro,4.5,$$,11217,"Cocktail Bars, French",American,"Brooklyn, NY"
Mama Fox,4.0,$$,11233,"New American, Cocktail Bars",American,"Brooklyn, NY"
DIG,4.0,Not Available,11201,New American,American,"Brooklyn, NY"
Charm Bar & Restaurant,4.0,$$$,11217,"Caribbean, New American, Cocktail Bars",American,"Brooklyn, NY"
Lincoln Station,4.0,$$,11238,"American, Cafes",American,"Brooklyn, NY"
Concrete,4.5,$$,11206,"Bars, Breakfast & Brunch, Sicilian",American,"Brooklyn, NY"
Santo Bruklin,4.5,$$$,11231,"Brazilian, Breakfast & Brunch, Cocktail Bars",American,"Brooklyn, NY"
Otis,5.0,$$$,11206,"New American, Cocktail Bars",American,"Brooklyn, NY"
Emily,4.0,$$,11238,American,American,"Brooklyn, NY"
Sunday in Brooklyn,4.0,$$,11249,"New American, Breakfast & Brunch, Cocktail Bars",American,"Brooklyn, NY"
Pomo,5.0,Not Available,11201,"Cocktail Bars, Mexican",American,"Brooklyn, NY"
Westville,5.0,Not Available,11211,"Salad, New American, Cocktail Bars",American,"Brooklyn, NY"
Mayfield,4.0,$$,11238,"New American, Breakfast & Brunch",American,"Brooklyn, NY"
Bonnie's Grill,4.0,Not Available,11215,"Chicken Wings, Burgers, American",American,"Brooklyn, NY"
Ingas Bar,4.0,Not Available,11201,New American,American,"Brooklyn, NY"
Walter's,4.0,$$,11217,"New American, Cocktail Bars",American,"Brooklyn, NY"
Ruthie's,4.0,Not Available,11231,"New American, Salad, Burgers",American,"Brooklyn, NY"
Sweet Chick,4.0,$$,11217,"Breakfast & Brunch, Southern, Chicken Shop",American,"Brooklyn, NY"
Buttermilk Channel,4.0,$$,11231,Breakfast & Brunch,American,"Brooklyn, NY"
Leslie's Kitchen,4.5,Not Available,11237,"New American, Burgers, Mexican",American,"Brooklyn, NY"
no. 7,4.0,Not Available,11238,New American,American,"Brooklyn, NY"
Sailor,4.5,Not Available,11205,"New American, Wine Bars",American,"Brooklyn, NY"
Black Oak on Fifth,4.0,Not Available,11217,"New American, Italian, Cocktail Bars",American,"Brooklyn, NY"
Peaches HotHouse,4.0,$$,11216,"Southern, American, Bars",American,"Brooklyn, NY"
Hart's Restaurant,4.5,$$$,11238,New American,American,"Brooklyn, NY"
Mom's Kitchen & Bar,4.5,$$,10019,"Comfort Food, Breakfast & Brunch, Bars",American,"Brooklyn, NY"
J&A Burgers N Shakes,3.5,$,11237,"Burgers, Wraps",American,"Brooklyn, NY"
Brooklyn Burgers & Beer,4.0,$$,11215,"Burgers, Beer Bar, Cocktail Bars",American,"Brooklyn, NY"
Sea Wolf - Bushwick,4.0,$$,11237,"Cocktail Bars, Seafood, American",American,"Brooklyn, NY"
Lamonte,4.0,Not Available,11211,"New American, Cocktail Bars",American,"Brooklyn, NY"
Purbird,4.0,$$,11217,"New American, Chicken Shop",American,"Brooklyn, NY"
OTB,4.5,$$,11211,"New American, Cocktail Bars, Gastropubs",American,"Brooklyn, NY"
Fat Rabbit,4.5,Not Available,11205,New American,American,"Brooklyn, NY"
Park Slope Ale House,4.5,Not Available,11215,"Pubs, American",American,"Brooklyn, NY"
St. Anselm,4.0,$$$,11211,"New American, Wine Bars, Steakhouses",American,"Brooklyn, NY"
Nura,4.5,Not Available,11222,New American,American,"Brooklyn, NY"
Sweetwater Restaurant,4.0,$$,11249,"New American, Bars",American,"Brooklyn, NY"
Baron's,4.0,$$,11205,"New American, Bars, Seafood",American,"Brooklyn, NY"
The Four Horsemen,4.5,$$,11211,"Wine Bars, New American",American,"Brooklyn, NY"
Stocked Burger,4.5,Not Available,11238,Burgers,American,"Brooklyn, NY"
SOBOKU,5.0,Not Available,11231,Japanese,Japanese,"Brooklyn, NY"
Ozakaya,4.5,Not Available,11238,"Izakaya, Sushi Bars",Japanese,"Brooklyn, NY"
Fujisawa Asian Bistro,5.0,Not Available,11235,"Asian Fusion, Sushi Bars, Ramen",Japanese,"Brooklyn, NY"
Verge,5.0,Not Available,11222,"Sushi Bars, Japanese, Asian Fusion",Japanese,"Brooklyn, NY"
Osaka Fusion Sushi,4.5,Not Available,11214,"Japanese, Sushi Bars, Seafood",Japanese,"Brooklyn, NY"
Oita NYC,4.5,$$,11215,"Sushi Bars, Japanese, Asian Fusion",Japanese,"Brooklyn, NY"
IWak,5.0,Not Available,11211,Sushi Bars,Japanese,"Brooklyn, NY"
Trad Room,4.5,$$,11233,"Japanese, Sushi Bars, Cocktail Bars",Japanese,"Brooklyn, NY"
Izakaya Nana,4.5,$$$,11354,Izakaya,Japanese,"Brooklyn, NY"
U-gu,4.5,$$,11205,"Sushi Bars, Japanese",Japanese,"Brooklyn, NY"
Fukurou Brooklyn,4.5,$$,11237,Ramen,Japanese,"Brooklyn, NY"
Sushi Yashin,4.0,$$,11215,"Japanese, Sushi Bars",Japanese,"Brooklyn, NY"
Dashi Okume,4.5,Not Available,11222,Japanese,Japanese,"Brooklyn, NY"
Okonomi,4.5,$$$,11211,"Japanese, Seafood",Japanese,"Brooklyn, NY"
Mikado,4.5,Not Available,11201,"Japanese, Sushi Bars, Soup",Japanese,"Brooklyn, NY"
Izakaya Fuku,4.5,$$,11372,Japanese,Japanese,"Brooklyn, NY"
Raku,4.5,$$,10003,"Japanese, Noodles",Japanese,"Brooklyn, NY"
Za-Ya,5.0,Not Available,11237,"Ramen, Noodles",Japanese,"Brooklyn, NY"
Wasan Brooklyn,4.0,$$,11217,Japanese,Japanese,"Brooklyn, NY"
Omakase Sushi By Hiro,4.5,Not Available,11235,Sushi Bars,Japanese,"Brooklyn, NY"
Gen,4.0,$$,11238,"Japanese, Sushi Bars",Japanese,"Brooklyn, NY"
Ishi Omakase & Premium Sake,5.0,Not Available,11217,"Japanese, Sushi Bars",Japanese,"Brooklyn, NY"
A-un Brooklyn,4.5,Not Available,11237,"Japanese, Beer Bar",Japanese,"Brooklyn, NY"
Tonchin,4.0,Not Available,11249,"Ramen, Salad, Seafood",Japanese,"Brooklyn, NY"
Warude Crown Heights,4.0,Not Available,11216,"Ramen, Salad, Japanese Curry",Japanese,"Brooklyn, NY"
The Garden At Ditmas,4.5,Not Available,11218,Ramen,Japanese,"Brooklyn, NY"
Ako,4.0,$$,11211,"Sushi Bars, Japanese, Wine Bars",Japanese,"Brooklyn, NY"
Rule of Thirds,4.0,Not Available,11222,"Japanese, Breakfast & Brunch, Cocktail Bars",Japanese,"Brooklyn, NY"
Izakaya Ajimi,4.5,$$,11214,"Izakaya, Ramen",Japanese,"Brooklyn, NY"
Maison Kintaro,4.5,Not Available,10011,Japanese,Japanese,"Brooklyn, NY"
750 Myrtle Diner,4.5,$$,11205,"Tapas Bars, Izakaya",Japanese,"Brooklyn, NY"
Menya & Izakaya,4.0,$$,11215,"Ramen, Noodles",Japanese,"Brooklyn, NY"
Uotora,4.5,$$$$,11216,"Japanese, Sushi Bars",Japanese,"Brooklyn, NY"
Sushi Katsuei,4.0,$$$,11215,"Sushi Bars, Japanese, Seafood",Japanese,"Brooklyn, NY"
Chuko,4.0,$$,11238,"Asian Fusion, Ramen",Japanese,"Brooklyn, NY"
Karasu,4.0,$$$,11217,"Japanese, Cocktail Bars",Japanese,"Brooklyn, NY"
Omatoya,5.0,Not Available,11378,"Sushi Bars, Japanese",Japanese,"Brooklyn, NY"
Geido,4.5,$$,11217,"Japanese, Sushi Bars",Japanese,"Brooklyn, NY"
Wakuwaku,3.5,Not Available,11232,Izakaya,Japanese,"Brooklyn, NY"
Kimura,4.5,$$$,10003,"Japanese, Hot Pot, Sushi Bars",Japanese,"Brooklyn, NY"
Raku,4.5,$$,10012,"Japanese, Noodles",Japanese,"Brooklyn, NY"
ACRE,4.5,$$,11222,"Breakfast & Brunch, Japanese, Coffee & Tea",Japanese,"Brooklyn, NY"
Mirakuya - Brooklyn,4.0,$,11206,Japanese,Japanese,"Brooklyn, NY"
Ume Williamsburg,4.0,$$$$,11249,Sushi Bars,Japanese,"Brooklyn, NY"
Nami Nori,4.5,$$$,11211,"Sushi Bars, Japanese, Gluten-Free",Japanese,"Brooklyn, NY"
To Date Japanese Food,4.5,$$,11220,"Japanese, Sushi Bars",Japanese,"Brooklyn, NY"
Bushniwa,4.0,$$,11206,"Japanese, Sushi Bars, Asian Fusion",Japanese,"Brooklyn, NY"
Lingo,4.5,Not Available,11222,"New American, Japanese",Japanese,"Brooklyn, NY"
Kosan Asian Fusion,4.0,Not Available,11235,"Asian Fusion, Sushi Bars, Poke",Japanese,"Brooklyn, NY"
Kanji Sushi Hibachi - Ridgewood,4.5,Not Available,11385,"Sushi Bars, Japanese, Asian Fusion",Japanese,"Brooklyn, NY"
Chavela's,4.0,$$,11238,"Mexican, Bars",Mexican,"Brooklyn, NY"
Cruz Del Sur,4.5,$$,11238,"Tacos, Cocktail Bars",Mexican,"Brooklyn, NY"
Casa Azul,4.5,$$,11215,"Mexican, Cocktail Bars",Mexican,"Brooklyn, NY"
Chela Park Slope,4.5,$$,11215,"Mexican, Cocktail Bars, Breakfast & Brunch",Mexican,"Brooklyn, NY"
Taqueria Milear,4.0,$,11216,Mexican,Mexican,"Brooklyn, NY"
Taqueria El Patron,4.5,Not Available,11385,Mexican,Mexican,"Brooklyn, NY"
Amaranto Mexican Restaurant,4.5,$$,11237,Mexican,Mexican,"Brooklyn, NY"
De Mole,4.5,Not Available,11211,"Mexican, Breakfast & Brunch, Cocktail Bars",Mexican,"Brooklyn, NY"
Martha's Cocina Mexicana,4.5,Not Available,11238,Mexican,Mexican,"Brooklyn, NY"
Taqueria El Patron Mexican Grill Park Slope,4.0,Not Available,11215,Mexican,Mexican,"Brooklyn, NY"
Calabrije's Margaritas & Tacos,4.0,$$,11237,"Tacos, Cocktail Bars",Mexican,"Brooklyn, NY"
El Jeffe,4.5,$$,11216,New Mexican Cuisine,Mexican,"Brooklyn, NY"
Las Santas,4.0,$$,11217,"Mexican, Cocktail Bars, Breakfast & Brunch",Mexican,"Brooklyn, NY"
Breuklyn Tequila & Taco Bar,3.5,Not Available,11216,"Tacos, Cocktail Bars",Mexican,"Brooklyn, NY"
Panchitas Place,4.5,$$,11215,"Bars, Breakfast & Brunch, Mexican",Mexican,"Brooklyn, NY"
Fonda Park Slope,4.0,$$$,11215,"Mexican, Salad, Breakfast & Brunch",Mexican,"Brooklyn, NY"
Taqueria El Patron Mexican Grill,3.5,$$$,11225,Mexican,Mexican,"Brooklyn, NY"
Don Pancho Villa Restaurant,3.5,$$,11211,"Tex-Mex, Mexican",Mexican,"Brooklyn, NY"
Gordo's Cantina,4.0,$$,11237,Mexican,Mexican,"Brooklyn, NY"
Pomo,5.0,Not Available,11201,"Cocktail Bars, Mexican",Mexican,"Brooklyn, NY"
Las Chelitas,4.5,$$,11228,Mexican,Mexican,"Brooklyn, NY"
Casa Maya,4.0,Not Available,11221,"Mexican, Cocktail Bars, Dance Clubs",Mexican,"Brooklyn, NY"
Mesa Coyoacan,4.0,$$,11211,"Mexican, Bars",Mexican,"Brooklyn, NY"
Nacho Macho Taco,4.5,$,11217,Mexican,Mexican,"Brooklyn, NY"
Los Tres Chiflados,4.0,$$,11226,Mexican,Mexican,"Brooklyn, NY"
Tacombi,4.0,$$,11217,Mexican,Mexican,"Brooklyn, NY"
Tacombi,4.5,$$,11211,Mexican,Mexican,"Brooklyn, NY"
Chilo's,4.0,$,11238,"Bars, Mexican, Food Trucks",Mexican,"Brooklyn, NY"
Miti Miti,4.0,$$,11217,"Latin American, Mexican, Breakfast & Brunch",Mexican,"Brooklyn, NY"
Luisa Cocina Mexicana,5.0,Not Available,11237,Mexican,Mexican,"Brooklyn, NY"
Mesa Azteca,4.0,$$,11237,Mexican,Mexican,"Brooklyn, NY"
La Contenta,4.5,$$,10002,"Mexican, Bars, Breakfast & Brunch",Mexican,"Brooklyn, NY"
Caliza,5.0,Not Available,10013,"Cocktail Bars, Mexican, Breakfast & Brunch",Mexican,"Brooklyn, NY"
Taqueria Al Pastor,4.0,$$,11201,Mexican,Mexican,"Brooklyn, NY"
The Cactus Shop,4.5,$$,11249,"Cocktail Bars, Speakeasies, Mexican",Mexican,"Brooklyn, NY"
Purepecha,4.5,$$,11201,Mexican,Mexican,"Brooklyn, NY"
Xixa,4.5,$$$,11211,"Mexican, Tapas/Small Plates, Cocktail Bars",Mexican,"Brooklyn, NY"
Jauja Mexican Kitchen,4.5,Not Available,11225,Tacos,Mexican,"Brooklyn, NY"
Leyenda,4.0,$$,11201,"Latin American, Mexican, Cocktail Bars",Mexican,"Brooklyn, NY"
Jajaja Mexicana,4.5,$$,11249,"Mexican, Vegan, Cocktail Bars",Mexican,"Brooklyn, NY"
Bar Verde,4.5,$$,10003,"Mexican, Vegan, Gluten-Free",Mexican,"Brooklyn, NY"
Oxomoco,4.0,$$$,11222,Mexican,Mexican,"Brooklyn, NY"
Xolo,4.5,Not Available,11249,Mexican,Mexican,"Brooklyn, NY"
Garnacha Bite,4.5,Not Available,11216,"Mexican, Tex-Mex",Mexican,"Brooklyn, NY"
Fonda Garibaldi,4.5,Not Available,11219,New Mexican Cuisine,Mexican,"Brooklyn, NY"
El Caminante,4.0,Not Available,11221,Mexican,Mexican,"Brooklyn, NY"
Nacho Macho Taco,4.0,$$,11238,Mexican,Mexican,"Brooklyn, NY"
El Zason,4.0,$$,11217,Mexican,Mexican,"Brooklyn, NY"
The Taco Bar,4.5,Not Available,11216,"New Mexican Cuisine, Tacos, Cocktail Bars",Mexican,"Brooklyn, NY"
Rosa Mexicano,3.5,$$,10003,Mexican,Mexican,"Brooklyn, NY"
Carbon Charcoal Grill & Bar,4.5,Not Available,11213,Kosher,Kosher,"Brooklyn, NY"
Mama Kitchen,4.5,Not Available,11233,"Kosher, Middle Eastern",Kosher,"Brooklyn, NY"
Bou'ote,5.0,Not Available,11213,"Kosher, Cocktail Bars",Kosher,"Brooklyn, NY"
Izzy's Brooklyn Smokehouse,4.0,$$$,11213,"Barbeque, Kosher, Smokehouse",Kosher,"Brooklyn, NY"
Ital Kitchen,4.5,$$,11225,"Vegetarian, Vegan",Kosher,"Brooklyn, NY"
Miriam,4.0,$$,11217,"Wine Bars, Mediterranean, Breakfast & Brunch",Kosher,"Brooklyn, NY"
Milk & Honey Cafe,4.0,$$,11230,"Coffee & Tea, Desserts, Breakfast & Brunch",Kosher,"Brooklyn, NY"
David's Restaurant,4.5,$$,11223,"Kosher, Middle Eastern",Kosher,"Brooklyn, NY"
Traif,4.5,$$$$,11211,"New American, Tapas/Small Plates",Kosher,"Brooklyn, NY"
David's Brisket House and Deli,4.0,$$,11216,"Delis, Sandwiches, Burgers",Kosher,"Brooklyn, NY"
The Loft Steakhouse,4.5,$$$,11218,"Steakhouses, Kosher",Kosher,"Brooklyn, NY"
Bunna Cafe,4.5,$$,11237,"Ethiopian, Vegan, African",Kosher,"Brooklyn, NY"
Meat Cafe,3.5,Not Available,11213,"Kosher, Steakhouses, Cocktail Bars",Kosher,"Brooklyn, NY"
T Fusion Steakhouse,4.0,$$$,11234,"Steakhouses, Kosher, Venues & Event Spaces",Kosher,"Brooklyn, NY"
Boeuf & Bun,3.5,$$,11213,Burgers,Kosher,"Brooklyn, NY"
Reunion,4.5,$$,11211,"Breakfast & Brunch, Middle Eastern, Cocktail Bars",Kosher,"Brooklyn, NY"
ALENbi,3.5,$$$$,11225,"Middle Eastern, Kosher",Kosher,"Brooklyn, NY"
Yemen Cafe & Restaurant,4.5,$$,11201,"Middle Eastern, Cafes, Soup",Kosher,"Brooklyn, NY"
12 Chairs Cafe,4.0,$$,11249,"Middle Eastern, Breakfast & Brunch, Mediterranean",Kosher,"Brooklyn, NY"
Bordeaux,4.5,$$$,11230,"Kosher, Steakhouses, New American",Kosher,"Brooklyn, NY"
Malka NYC,5.0,Not Available,10023,Kosher,Kosher,"Brooklyn, NY"
Abaita,4.5,Not Available,10017,"Mediterranean, Kosher, Pizza",Kosher,"Brooklyn, NY"
The Bay Cafe,4.0,Not Available,11235,"Cafes, Kosher",Kosher,"Brooklyn, NY"
Patrizia's - Williamsburg,4.0,$$,11249,"Pizza, Italian",Kosher,"Brooklyn, NY"
Greenwich and Delancey,5.0,Not Available,10006,"Kosher, Soup, Sandwiches",Kosher,"Brooklyn, NY"
Munch Street Food,4.5,Not Available,11230,"Kosher, Fast Food",Kosher,"Brooklyn, NY"
Gruit,3.5,Not Available,11225,"Bars, Kosher, Beer Gardens",Kosher,"Brooklyn, NY"
Bison & Bourbon,3.0,$$$$,11215,"Kosher, Burgers, American",Kosher,"Brooklyn, NY"
Abe's Corner,4.5,Not Available,11226,"Sports Bars, Salad, Sandwiches",Kosher,"Brooklyn, NY"
Barnea Bistro,4.5,Not Available,10017,"French, Wine Bars, Beer Bar",Kosher,"Brooklyn, NY"
King Solomon Glatt Kosher Catering & Reastaurant,4.0,$$,11230,"Kosher, Russian, Middle Eastern",Kosher,"Brooklyn, NY"
Orchidea,4.0,$$$,11219,"Kosher, New American",Kosher,"Brooklyn, NY"
Miznon,4.0,$$,10011,"Mediterranean, Middle Eastern, Sandwiches",Kosher,"Brooklyn, NY"
19 Cleveland,4.0,$$,10012,Mediterranean,Kosher,"Brooklyn, NY"
Essen NY Deli,4.0,$$,11230,"Delis, Kosher",Kosher,"Brooklyn, NY"
Grill On Lee,3.5,$$,11205,"Kosher, Chinese, Delis",Kosher,"Brooklyn, NY"
Shalom Japan,4.0,$$$,11211,Japanese,Kosher,"Brooklyn, NY"
Masuda Omakase,5.0,Not Available,10018,"Sushi Bars, Personal Chefs, Kosher",Kosher,"Brooklyn, NY"
Luanne's Wild Ginger,4.5,$$,11205,"Vegan, Kosher",Kosher,"Brooklyn, NY"
Hapisgah,3.5,$$$,11367,"Kosher, Steakhouses",Kosher,"Brooklyn, NY"
Oshi's Cafe,4.5,Not Available,11229,"Kosher, Vegetarian, Mediterranean",Kosher,"Brooklyn, NY"
Zula Grill,4.5,Not Available,07631,Mediterranean,Kosher,"Brooklyn, NY"
Shiraz Kitchen & Wine Bar,4.5,Not Available,10011,"Persian/Iranian, Wine Bars, Mediterranean",Kosher,"Brooklyn, NY"
Karczma,4.5,$$,11222,Polish,Kosher,"Brooklyn, NY"
Meze,4.0,$$,11219,"Greek, Mediterranean, Seafood",Kosher,"Brooklyn, NY"
Hometown Bar-B-Que,3.5,$$,11232,"Barbeque, Sandwiches",Kosher,"Brooklyn, NY"
Ravagh Persian Grill,4.0,$$,10016,"Middle Eastern, Persian/Iranian, Mediterranean",Kosher,"Brooklyn, NY"
Holy Schnitzel,4.0,$$,11223,"Kosher, Salad, Sandwiches",Kosher,"Brooklyn, NY"
Mile End Delicatessen Brooklyn,3.5,$$,11217,"Delis, Breakfast & Brunch, Sandwiches",Kosher,"Brooklyn, NY"
Mint,3.5,$$,11223,"New American, Seafood, Kosher",Kosher,"Brooklyn, NY"
Trattoria L'incontro,4.5,$$$,11105,"Italian, Pizza, Salad",Italian,"Queens, NY"
Tuscan Hills,4.0,$$,11375,"Italian, Pizza, Wine Bars",Italian,"Queens, NY"
Valdari NYC,4.0,Not Available,11361,"Italian, Pizza, Cocktail Bars",Italian,"Queens, NY"
Park Side Restaurant,4.0,$$$,11368,Italian,Italian,"Queens, NY"
Vite Vinosteria,4.5,$$,11106,"Italian, Wine Bars",Italian,"Queens, NY"
Rustico Taverna,4.5,Not Available,11385,"Italian, Pizza",Italian,"Queens, NY"
Don Peppe,4.0,$$$,11420,"Italian, Desserts, Seafood",Italian,"Queens, NY"
Fuzi Pasta Co,4.5,$$,11365,"Pasta Shops, Italian",Italian,"Queens, NY"
Trattoria 35,4.0,$$,11361,"Pizza, Italian",Italian,"Queens, NY"
Il Poeta,4.0,$$,11375,"Italian, Wine Bars",Italian,"Queens, NY"
Sotto La Luna,4.5,Not Available,11106,"Italian, Pizza",Italian,"Queens, NY"
Bruno's Ristorante,4.5,$$,11414,Italian,Italian,"Queens, NY"
Concettina Restaurant,4.5,Not Available,11357,"Italian, Southern, Mediterranean",Italian,"Queens, NY"
Palermo Restaurant & Bar,4.5,$$,11105,"Italian, Bars",Italian,"Queens, NY"
La Vigna Restaurant,3.5,$$,11375,Italian,Italian,"Queens, NY"
Villaggio Ristorante Italian Bistro,4.0,$$,11357,"Italian, Seafood, Salad",Italian,"Queens, NY"
Riviera Ristorante,4.5,$$,11357,Italian,Italian,"Queens, NY"
SoleLuna Restaurant,4.5,$$,11104,"Cafes, Italian, Breakfast & Brunch",Italian,"Queens, NY"
Barosa,3.5,$$,11374,"Italian, Seafood, Pizza",Italian,"Queens, NY"
Dee's Wood Fired Pizza & Kitchen,4.0,$$,11375,"Pizza, Italian, American",Italian,"Queens, NY"
Portofino Ristorante,3.0,$$$,11375,"Italian, Salad, Soup",Italian,"Queens, NY"
Vetro Restaurant & Lounge,4.5,$$$,11414,"Italian, Lounges, Venues & Event Spaces",Italian,"Queens, NY"
Acquista Trattoria,4.0,$$,11366,"Pizza, Italian",Italian,"Queens, NY"
Luigi's Restaurant & Bar,4.0,$$,11040,Italian,Italian,"Queens, NY"
Piatto,4.0,$$,11101,"Pizza, Italian, Wine Bars",Italian,"Queens, NY"
Da Andrea - Greenwich Village,4.5,$$,10011,"Italian, Mediterranean, Breakfast & Brunch",Italian,"Queens, NY"
Maggiano's Little Italy - Garden City,4.0,$$,11530,"Bars, Italian",Italian,"Queens, NY"
Armondo's Italian Restaurant,4.5,$$$,11372,Italian,Italian,"Queens, NY"
Rocco’s of Roc Beach Coal Brick Oven Pizza ,4.5,Not Available,11694,"Pizza, Italian",Italian,"Queens, NY"
Joe's Restaurant,4.0,$$,11385,Italian,Italian,"Queens, NY"
Antonio's Trattoria,4.5,$$,10458,"Italian, Pizza, Desserts",Italian,"Queens, NY"
Lupo Rosso,4.5,Not Available,11101,"Pizza, Italian, Cocktail Bars",Italian,"Queens, NY"
Zio Luigi,4.5,$$,11104,Italian,Italian,"Queens, NY"
Bloom Botanical Bistro,4.5,Not Available,11375,"New American, Cocktail Bars, Vegetarian",Italian,"Queens, NY"
Olio e Più,4.5,$$,10014,"Pizza, Italian, Cocktail Bars",Italian,"Queens, NY"
Sotto Le Stelle,4.5,$$,11104,Pizza,Italian,"Queens, NY"
Villa Erasmo,4.0,$$,11379,Italian,Italian,"Queens, NY"
Il Falco,4.5,$$$,11101,"Italian, Venues & Event Spaces, Wine Bars",Italian,"Queens, NY"
Il Bacco Ristorante,3.5,$$$,11362,"Italian, Pizza, Wine Bars",Italian,"Queens, NY"
Antica Trattoria,4.0,$$,11385,Italian,Italian,"Queens, NY"
LÌOLÀ,4.0,$$$$,11357,Italian,Italian,"Queens, NY"
IL Nocello Ristorante,4.0,$$,11357,Italian,Italian,"Queens, NY"
Ammazzacaffè,4.5,$$,11211,"Cocktail Bars, Italian, Wine Bars",Italian,"Queens, NY"
Graziella Restaurant,4.0,$$,11358,Italian,Italian,"Queens, NY"
Macoletta Brick Oven Pizzeria,4.5,$$,11102,"Pizza, Italian",Italian,"Queens, NY"
Via Trenta Osteria,4.0,$$,11103,"Italian, Wine Bars",Italian,"Queens, NY"
Vesta,4.5,$$,11102,"Italian, Wine Bars",Italian,"Queens, NY"
Primo Amore Italian Restaurant,4.0,$$,11358,Italian,Italian,"Queens, NY"
Papazzio Restaurant,4.0,$$,11361,"Italian, Jazz & Blues, Wine Bars",Italian,"Queens, NY"
Piccola Cucina Uptown,4.5,$$$,10022,Sicilian,Italian,"Queens, NY"
Tavern 157,4.5,$$,11354,"Lounges, Steakhouses, New American",American,"Queens, NY"
Valdari NYC,4.0,Not Available,11361,"Italian, Pizza, Cocktail Bars",American,"Queens, NY"
Luna's Kitchen & Bar,4.5,$$,11372,"New American, Cocktail Bars, Breakfast & Brunch",American,"Queens, NY"
Dinerbar,4.0,$$,11374,"Diners, Wine Bars, American",American,"Queens, NY"
The Shady Lady,4.0,$$,11103,"Breakfast & Brunch, Bars, Comfort Food",American,"Queens, NY"
The Pomeroy,4.5,$$,11105,"New American, Bars",American,"Queens, NY"
The Lazy Cow,4.0,$$,11361,"Gastropubs, New American, Cocktail Bars",American,"Queens, NY"
Forest Hills Station House,4.0,$$,11375,"Gastropubs, Cocktail Bars, Beer Bar",American,"Queens, NY"
White Radish,4.0,$$,11375,"New American, Diners, Wine Bars",American,"Queens, NY"
Mom's Kitchen & Bar,4.0,$$,11102,"Bars, American, Breakfast & Brunch",American,"Queens, NY"
Rove,4.0,$$,11375,"American, Gastropubs, Beer Bar",American,"Queens, NY"
Trestle,4.5,$$,11106,"Cocktail Bars, New American, Breakfast & Brunch",American,"Queens, NY"
Prime Mēt Steakhouse,4.0,$$$,11354,"Steakhouses, Seafood, New American",American,"Queens, NY"
Rollin Heros,5.0,Not Available,11377,"Sandwiches, Breakfast & Brunch, Burgers",American,"Queens, NY"
The Alcove,4.5,$$,11104,"Gastropubs, Tapas Bars, Breakfast & Brunch",American,"Queens, NY"
Oliver's Astoria,4.0,$$,11103,"New American, Breakfast & Brunch, Cocktail Bars",American,"Queens, NY"
The Cabin NYC,4.0,$$,10009,"New American, Cocktail Bars, Breakfast & Brunch",American,"Queens, NY"
The Queensboro,4.0,$$,11372,"Gastropubs, New American, Breakfast & Brunch",American,"Queens, NY"
Carla,4.5,$$,11101,"New American, Burgers, Cocktail Bars",American,"Queens, NY"
The Beast Next Door,4.5,$$,11101,"New American, Tapas/Small Plates, Wine Bars",American,"Queens, NY"
Arcadia Bar & Kitchen,4.5,$$,11102,"Cocktail Bars, New American, Tacos",American,"Queens, NY"
The Bonnie,4.0,$$,11105,"Gastropubs, New American, Breakfast & Brunch",American,"Queens, NY"
The Highwater,4.0,$$,11106,"New American, Tiki Bars, Breakfast & Brunch",American,"Queens, NY"
Mom's Kitchen & Bar,4.5,$$,10019,"Comfort Food, Breakfast & Brunch, Bars",American,"Queens, NY"
The Sweet Sap,4.0,$$,11358,"New American, Korean, Cocktail Bars",American,"Queens, NY"
The Brewery Bar & Kitchen,4.5,$$,11377,"Sports Bars, American, Irish Pub",American,"Queens, NY"
Fogo de Chão Brazilian Steakhouse,4.0,$$$$,11373,"Brazilian, Seafood, Steakhouses",American,"Queens, NY"
Veranda Restaurant & Cafe,4.0,$$,11361,"Mediterranean, American, Greek",American,"Queens, NY"
THE HUNTRESS whiskey n' wings,4.0,$$,11101,"Chicken Wings, Burgers, Cocktail Bars",American,"Queens, NY"
Queens Bully,3.5,$$,11375,"Gastropubs, Cocktail Bars, Breakfast & Brunch",American,"Queens, NY"
Jagerhaus German Restaurant & Biergarten,4.0,$$,11357,"German, Beer Bar, American",American,"Queens, NY"
Fillmore's Tavern,4.0,$$,11365,"Pubs, Burgers, Desserts",American,"Queens, NY"
Vegoist,4.0,$$,11101,"New American, Bars, Vegan",American,"Queens, NY"
Dirty Pierre's,4.0,$$,11375,"Bars, Breakfast & Brunch, Sandwiches",American,"Queens, NY"
Sanger Hall,4.0,$$,11104,"Burgers, Cocktail Bars, Beer, Wine & Spirits",American,"Queens, NY"
Side Hustle,4.5,Not Available,11101,Gastropubs,American,"Queens, NY"
The Lowery Bar & Kitchen,4.5,$$,11104,"New American, Cocktail Bars, Sports Bars",American,"Queens, NY"
Julia's,4.5,$$,11385,"Bars, New American",American,"Queens, NY"
Keuka Kafe a Wine Bar,4.5,$$,11375,"New American, Sandwiches, Wine Bars",American,"Queens, NY"
Halsey's,4.5,$$,11102,"New American, Cocktail Bars",American,"Queens, NY"
Sanfords Astoria,4.0,$$,11106,"Breakfast & Brunch, New American, Whiskey Bars",American,"Queens, NY"
Pig Beach BBQ - Queens,4.0,$$,11106,"Barbeque, Bars, Sandwiches",American,"Queens, NY"
Uncle Peter's,4.0,$$,11372,"Italian, Spanish, New American",American,"Queens, NY"
RH Rooftop Restaurant New York,4.0,$$$,10014,"American, Wine Bars",American,"Queens, NY"
Matiz Latin Cuisine,4.0,$$,11375,"Latin American, Bars",American,"Queens, NY"
The Local Press,4.5,$$,11417,"Salad, Burgers, Sandwiches",American,"Queens, NY"
The Weekender,4.5,$,11377,"Pool Halls, Himalayan/Nepalese, Bars",American,"Queens, NY"
Jackson's Eatery | Bar,4.5,$$,11101,"Bars, Breakfast & Brunch, New American",American,"Queens, NY"
Florence Prime Diner,4.5,Not Available,11373,"Diners, Breakfast & Brunch, Burgers",American,"Queens, NY"
RW Prime,4.0,Not Available,11420,Steakhouses,American,"Queens, NY"
Izakaya Nana,4.5,$$$,11354,Izakaya,Japanese,"Queens, NY"
Izakaya Fuku,4.5,$$,11372,Japanese,Japanese,"Queens, NY"
Masaaki Modern Japanese Cuisine,4.0,Not Available,11361,Japanese,Japanese,"Queens, NY"
Umi Sushi,4.5,$$,11366,"Japanese, Sushi Bars",Japanese,"Queens, NY"
Mito,4.0,$$,11375,"Japanese, Sushi Bars, Asian Fusion",Japanese,"Queens, NY"
Akagi Japanese Cuisine,4.5,Not Available,11418,"Sushi Bars, Ramen, Soup",Japanese,"Queens, NY"
Sake Kawa,4.5,$$$,11106,"Sushi Bars, Ramen",Japanese,"Queens, NY"
Katsuno,4.0,$$$,11375,"Japanese, Sushi Bars",Japanese,"Queens, NY"
Sushi Time,4.5,$$,11375,"Sushi Bars, Japanese",Japanese,"Queens, NY"
Kyuramen - Forest Hills,4.0,Not Available,11375,Ramen,Japanese,"Queens, NY"
SOBOKU,5.0,Not Available,11231,Japanese,Japanese,"Queens, NY"
Iki Modern Japanese Cuisine,4.0,$$$,11354,"Japanese, Sushi Bars",Japanese,"Queens, NY"
Kyuramen - Bayside,4.5,$$,11361,"Ramen, Noodles",Japanese,"Queens, NY"
Himitsu,4.5,Not Available,11354,"Sushi Bars, Japanese, Thai",Japanese,"Queens, NY"
Beat Mazesoba,4.5,$$,11358,"Ramen, Noodles, Beer Bar",Japanese,"Queens, NY"
Sushi By Kuryu,5.0,Not Available,11577,"Sushi Bars, Japanese, Seafood",Japanese,"Queens, NY"
Bamboo Ya,4.0,$$,11375,"Sushi Bars, Japanese, Wine Bars",Japanese,"Queens, NY"
Vert Frais,4.5,Not Available,11101,"Cocktail Bars, Ramen",Japanese,"Queens, NY"
Shogun Hibachi,4.0,$$,11375,"Japanese, Sushi Bars",Japanese,"Queens, NY"
Kaizen,4.5,Not Available,11354,"Sushi Bars, Japanese, Cocktail Bars",Japanese,"Queens, NY"
Matsuri,4.5,$$,11377,Japanese,Japanese,"Queens, NY"
Hashi Ramen and Izakaya,4.0,$$,11358,"Ramen, Sushi Bars",Japanese,"Queens, NY"
Ooi Sushi and Bar,4.5,$$,11101,"Sushi Bars, Bars, Japanese",Japanese,"Queens, NY"
Omatoya,5.0,Not Available,11378,"Sushi Bars, Japanese",Japanese,"Queens, NY"
Gyu-Kaku Japanese BBQ,4.5,$$,11354,"Barbeque, Japanese, Asian Fusion",Japanese,"Queens, NY"
Kanji Sushi Hibachi - Ridgewood,4.5,Not Available,11385,"Sushi Bars, Japanese, Asian Fusion",Japanese,"Queens, NY"
mochiron Izakaya,4.0,$$,11103,"Izakaya, Ramen",Japanese,"Queens, NY"
Dashi Okume,4.5,Not Available,11222,Japanese,Japanese,"Queens, NY"
Joon Omakase,4.5,Not Available,11358,Sushi Bars,Japanese,"Queens, NY"
Akino,4.0,$$$,11373,"Sushi Bars, Japanese",Japanese,"Queens, NY"
Verge,5.0,Not Available,11222,"Sushi Bars, Japanese, Asian Fusion",Japanese,"Queens, NY"
Tamashii Gold,4.0,$$,11361,Ramen,Japanese,"Queens, NY"
Ginza Don,5.0,Not Available,11355,Japanese,Japanese,"Queens, NY"
Tara Japanese Cuisine,4.0,$$$,11362,"Sushi Bars, Japanese, Seafood",Japanese,"Queens, NY"
Sushi Nikko,4.5,Not Available,11101,Sushi Bars,Japanese,"Queens, NY"
That Place,5.0,$$$$,11106,"Japanese, Sushi Bars",Japanese,"Queens, NY"
Susuru,4.5,$$,11106,"Ramen, Noodles",Japanese,"Queens, NY"
Cha Menya,4.5,$$,11362,"Ramen, Tea Rooms, Vegetarian",Japanese,"Queens, NY"
Suzuki Shokudo,4.5,$$,11101,"Sushi Bars, Ramen",Japanese,"Queens, NY"
Ariyoshi,3.5,$$,11104,Japanese,Japanese,"Queens, NY"
Nippon Cha,4.0,$$,11361,Ramen,Japanese,"Queens, NY"
Sushi On Me,5.0,$$$$,11372,"Japanese, Sushi Bars, Speakeasies",Japanese,"Queens, NY"
Mito,3.5,$$,11360,"Japanese, Sushi Bars, Bars",Japanese,"Queens, NY"
GAN-HOO BBQ,4.5,$$$,11354,"Barbeque, Chinese, Japanese",Japanese,"Queens, NY"
Yoi Sushi Japanese,4.0,$$,11354,"Sushi Bars, Ramen",Japanese,"Queens, NY"
Salute Revolving Sushi,4.0,Not Available,11354,"Japanese, Sushi Bars",Japanese,"Queens, NY"
Sama Street,5.0,$$$,11222,"Cocktail Bars, Pan Asian, Tapas/Small Plates",Japanese,"Queens, NY"
Kaiyo Omakase,4.5,Not Available,11101,"Japanese, Sushi Bars, Seafood",Japanese,"Queens, NY"
Tamashii Red,4.0,$$,11375,Ramen,Japanese,"Queens, NY"
Hibino,4.0,$$,11101,"Japanese, Sushi Bars",Japanese,"Queens, NY"
Lime & Salt,4.5,Not Available,11374,"New Mexican Cuisine, Mexican",Mexican,"Queens, NY"
Ruta Oaxaca Mexican Cuisine,4.5,$$$,11106,"Mexican, Breakfast & Brunch, Cocktail Bars",Mexican,"Queens, NY"
The Mas Chingon,4.5,Not Available,11358,"Mexican, Diners, Breakfast & Brunch",Mexican,"Queens, NY"
Las Catrinas Mexican Bar & Eatery,4.0,$$,11106,"Cocktail Bars, Tacos",Mexican,"Queens, NY"
Don Tequila Urban Cantina,3.5,$$,11385,"Mexican, Cocktail Bars",Mexican,"Queens, NY"
El Mero Mero,4.5,$$,11101,Mexican,Mexican,"Queens, NY"
Luisa Cocina Mexicana,5.0,Not Available,11237,Mexican,Mexican,"Queens, NY"
Spanglish NYC,4.0,Not Available,11361,"Mexican, Beer, Wine & Spirits, Cocktail Bars",Mexican,"Queens, NY"
Mas Tortilla,4.5,$$,11375,Mexican,Mexican,"Queens, NY"
Chela & Garnacha,4.5,$$,11106,"Mexican, Wine Bars, Breakfast & Brunch",Mexican,"Queens, NY"
The Alcove,4.5,$$,11104,"Gastropubs, Tapas Bars, Breakfast & Brunch",Mexican,"Queens, NY"
Hoja Santa,4.5,Not Available,11103,"New Mexican Cuisine, Mexican, Breakfast & Brunch",Mexican,"Queens, NY"
Fresco's Cantina,4.5,$$,11106,Mexican,Mexican,"Queens, NY"
El Coyote - Forest Hills,3.0,$$,11375,"Mexican, Cocktail Bars",Mexican,"Queens, NY"
Ayy Chihuahua,4.5,Not Available,11105,"Mexican, Cocktail Bars",Mexican,"Queens, NY"
Taqueria Coatzingo,4.0,$$,11372,Mexican,Mexican,"Queens, NY"
La Tiendita Taqueria,4.0,$$,11103,Tacos,Mexican,"Queens, NY"
Tepache Taste Of Mexico,4.5,Not Available,11580,"Mexican, New Mexican Cuisine, Breakfast & Brunch",Mexican,"Queens, NY"
Tacuba,4.0,$$,11106,"Mexican, Latin American, Cocktail Bars",Mexican,"Queens, NY"
Taco Tumba,4.0,Not Available,11103,"Tacos, Cocktail Bars",Mexican,"Queens, NY"
5 Burro Cafe,3.5,$$,11375,"Mexican, Cocktail Bars",Mexican,"Queens, NY"
Carla,4.5,$$,11101,"New American, Burgers, Cocktail Bars",Mexican,"Queens, NY"
Casa Azul,4.5,$$,11215,"Mexican, Cocktail Bars",Mexican,"Queens, NY"
Dulce Cultura,4.5,$$,11103,"Mexican, Breakfast & Brunch, Bars",Mexican,"Queens, NY"
Mojo Restaurant,4.0,$$,11375,Latin American,Mexican,"Queens, NY"
¡AY GÜEY! Cantina Y Cocina,5.0,Not Available,11377,"Mexican, Cocktail Bars",Mexican,"Queens, NY"
La catrina queens,4.5,Not Available,11378,"Mexican, Breakfast & Brunch, Cocktail Bars",Mexican,"Queens, NY"
Tacombi,4.0,$$,11375,Tacos,Mexican,"Queens, NY"
El Ranchero Mexican Restaurant,4.5,Not Available,11358,Tacos,Mexican,"Queens, NY"
Vida Verde,4.5,$$,10019,"Cocktail Bars, Mexican, Venues & Event Spaces",Mexican,"Queens, NY"
Chihuahua,4.5,$$,11104,Mexican,Mexican,"Queens, NY"
Metro Taco,4.5,$$,11375,"Tacos, Tapas/Small Plates, Cocktail Bars",Mexican,"Queens, NY"
El Patron,3.5,$$,11358,Mexican,Mexican,"Queens, NY"
Casa Enrique,4.0,$$,11101,Mexican,Mexican,"Queens, NY"
La Contenta,4.5,$$,10002,"Mexican, Bars, Breakfast & Brunch",Mexican,"Queens, NY"
Casa Margaritas,4.5,$$,11426,"Mexican, Colombian, Spanish",Mexican,"Queens, NY"
Taco Azul,4.0,$$,11357,Mexican,Mexican,"Queens, NY"
Sangarita's,4.0,$$,11361,"Spanish, Tapas Bars, Mediterranean",Mexican,"Queens, NY"
Cielito NYC,4.0,Not Available,11106,"Cocktail Bars, Mexican",Mexican,"Queens, NY"
Las Margaritas,4.0,Not Available,11103,"Bars, Mexican",Mexican,"Queens, NY"
Jajaja Mexicana,4.5,$$,10014,"Mexican, Vegan, Cocktail Bars",Mexican,"Queens, NY"
Molcajete Mexican Restaurant,4.0,$$,11372,"Mexican, Bars, Spanish",Mexican,"Queens, NY"
Fidela's Restaurant,4.0,$,11365,Mexican,Mexican,"Queens, NY"
Toloache 50,4.0,$$$,10012,Mexican,Mexican,"Queens, NY"
Kandela NYC,3.5,$$,11417,"Mexican, Sports Bars, New American",Mexican,"Queens, NY"
Las Margaritas Restaurant & Bar,4.0,$$,11385,"Mexican, Bars, Spanish",Mexican,"Queens, NY"
Taqueria El Patron,4.5,Not Available,11385,Mexican,Mexican,"Queens, NY"
Taqueria Santa Fe,4.5,$,11377,Mexican,Mexican,"Queens, NY"
Moho Mexican Grill,4.0,$$,11361,"Mexican, Halal",Mexican,"Queens, NY"
Hot Peppers,4.5,$$,11364,"Halal, Tacos, Salad",Mexican,"Queens, NY"
Kin'd,4.5,$$,11366,Thai,Kosher,"Queens, NY"
Marani,4.5,$$,11374,"Mediterranean, Kosher, Georgian",Kosher,"Queens, NY"
Taste of Samarkand,4.5,$$,11374,"Uzbek, Kosher",Kosher,"Queens, NY"
Nadezhda Restaurant,3.5,$$,11375,"Kosher, Russian, Afghan",Kosher,"Queens, NY"
Stix Kosher Restaurant,4.0,$$,11375,"Kosher, Middle Eastern, Uzbek",Kosher,"Queens, NY"
Jujube Tree,4.5,$$,11103,"Vegan, Asian Fusion",Kosher,"Queens, NY"
Art Of Grill,4.0,Not Available,11374,"Kosher, Mediterranean, Steakhouses",Kosher,"Queens, NY"
Salute,3.5,$$,11375,"Middle Eastern, Uzbek, Kosher",Kosher,"Queens, NY"
Hapisgah,3.5,$$$,11367,"Kosher, Steakhouses",Kosher,"Queens, NY"
Cheburechnaya,4.0,$$,11374,"Kosher, Russian, Uzbek",Kosher,"Queens, NY"
Paprika Restaurant,4.5,Not Available,11021,"Kosher, Moroccan, Mediterranean",Kosher,"Queens, NY"
Grill Point,4.0,$$,11367,"Middle Eastern, Kosher, Mediterranean",Kosher,"Queens, NY"
Ganey Orly,4.5,$$,11374,"Kosher, Middle Eastern",Kosher,"Queens, NY"
Black Sea Fish & Grill,4.0,$$$,11374,"Mediterranean, Turkish, Seafood",Kosher,"Queens, NY"
Trattoria L'incontro,4.5,$$$,11105,"Italian, Pizza, Salad",Kosher,"Queens, NY"
Turquoise Kosher Fish Restaurant,4.0,$$,11366,"Seafood, Kosher",Kosher,"Queens, NY"
Ravagh Persian Grill,4.5,$$,11577,"Middle Eastern, Persian/Iranian, Seafood",Kosher,"Queens, NY"
Näna Good Eats,4.5,Not Available,11357,"Middle Eastern, Falafel, Kosher",Kosher,"Queens, NY"
Metsuyan Blue Restaurant,3.5,Not Available,11367,"Sushi Bars, Steakhouses, Kosher",Kosher,"Queens, NY"
Djerdan Burek Astoria,4.0,$$,11106,"Turkish, Modern European",Kosher,"Queens, NY"
Mezze,4.0,Not Available,11375,"Mediterranean, Pizza, Kosher",Kosher,"Queens, NY"
Turnpike Burgers Grill,4.5,Not Available,11367,"Burgers, American",Kosher,"Queens, NY"
Ovelia,4.0,$$,11103,"Greek, Mediterranean",Kosher,"Queens, NY"
Rafaelis Palace,4.0,Not Available,11375,"Venues & Event Spaces, Kosher, Uzbek",Kosher,"Queens, NY"
Pahal Zan,4.0,$$,11375,"Middle Eastern, Falafel, Kosher",Kosher,"Queens, NY"
Cafe Premiata,4.0,Not Available,11367,"Kosher, Mediterranean",Kosher,"Queens, NY"
Liebman's Kosher Delicatessen,4.0,$$,10463,"Delis, Kosher",Kosher,"Queens, NY"
Colbeh,4.0,$$,11021,"Persian/Iranian, Kosher",Kosher,"Queens, NY"
Bodhi Village,4.0,$$,11355,"Vegetarian, Chinese, Kosher",Kosher,"Queens, NY"
Cafe Muscat,3.5,$$,11366,"Kosher, Coffee & Tea, Sushi Bars",Kosher,"Queens, NY"
Malka NYC,5.0,Not Available,10023,Kosher,Kosher,"Queens, NY"
Kensington Kosher Deli,4.0,$$,11021,"Kosher, Delis",Kosher,"Queens, NY"
Abaita,4.5,Not Available,10017,"Mediterranean, Kosher, Pizza",Kosher,"Queens, NY"
Pastrami Express,4.5,$$,11783,Delis,Kosher,"Queens, NY"
Barnea Bistro,4.5,Not Available,10017,"French, Wine Bars, Beer Bar",Kosher,"Queens, NY"
Epstein's Kosher Delicatessen & Restaurant,3.0,$$,10530,"American, Delis, Kosher",Kosher,"Queens, NY"
Knish Nosh,4.0,$$,11374,Kosher,Kosher,"Queens, NY"
Zen Garden,4.5,$$,11021,"Vegetarian, Vegan, Chinese",Kosher,"Queens, NY"
Five Fifty Steakhouse,4.0,$$$,11516,"Kosher, Steakhouses",Kosher,"Queens, NY"
Green Olive Pizza & Falafel,4.0,$,11040,"Kosher, Mediterranean, Pizza",Kosher,"Queens, NY"
Shiraz,4.0,$$,11024,"Persian/Iranian, Mediterranean",Kosher,"Queens, NY"
Mezze,4.0,Not Available,11357,Mediterranean,Kosher,"Queens, NY"
Cho-Sen Garden,3.5,$$,11375,"Chinese, Kosher",Kosher,"Queens, NY"
Masuda Omakase,5.0,Not Available,10018,"Sushi Bars, Personal Chefs, Kosher",Kosher,"Queens, NY"
Sizzle Falafel Bar & Shawarma,4.0,$$,11366,"Kosher, Middle Eastern, Sandwiches",Kosher,"Queens, NY"
David's Brisket House and Deli,4.0,$$,11216,"Delis, Sandwiches, Burgers",Kosher,"Queens, NY"
Ben's Kosher Delicatessen Restaurant & Caterers,3.5,$$,11514,"Delis, Kosher",Kosher,"Queens, NY"
Holy Schnitzel,3.5,$$,11367,"Kosher, Burgers, Sandwiches",Kosher,"Queens, NY"
Lola,4.0,$$$,11021,Mediterranean,Kosher,"Queens, NY"
Trattoria 35,4.0,$$,11361,"Pizza, Italian",Kosher,"Queens, NY"
Nino's Restaurant,4.5,$$,10305,Italian,Italian,"Staten Island, NY"
Pastavino,4.5,$$$,10304,"Italian, Wine Bars",Italian,"Staten Island, NY"
Trattoria Toscana,4.5,Not Available,10308,"Italian, Pizza, Cocktail Bars",Italian,"Staten Island, NY"
Giuliana's,4.5,$$,10308,Italian,Italian,"Staten Island, NY"
Deluca's Italian Restaurant,4.5,$$$,10307,"Italian, Seafood, Cocktail Bars",Italian,"Staten Island, NY"
Piccolino Ristorante,4.0,$$,10308,Italian,Italian,"Staten Island, NY"
Patrizia's of Staten Island,4.0,$$$,10308,"Italian, Pizza",Italian,"Staten Island, NY"
Angel's Tavern,4.5,Not Available,10314,"Mediterranean, Italian, American",Italian,"Staten Island, NY"
Enoteca Maria,4.0,$$$,10301,Italian,Italian,"Staten Island, NY"
Basilio Inn,4.5,$$,10305,"Italian, New American",Italian,"Staten Island, NY"
Mimmo's Brick Oven Pizza and Trattoria,4.5,$$,10308,"Pizza, Italian, Venues & Event Spaces",Italian,"Staten Island, NY"
Del Porto Ristorante,5.0,Not Available,07206,"Italian, Wine Bars, Seafood",Italian,"Staten Island, NY"
Casa Verde,4.0,$$,10306,"Italian, Pizza, Caterers",Italian,"Staten Island, NY"
Osteria  Santina,4.0,Not Available,10302,Italian,Italian,"Staten Island, NY"
La Bottiglia,4.5,Not Available,10302,"Italian, Bars",Italian,"Staten Island, NY"
Positano Restaurant,4.5,$$$,11209,"Italian, Gluten-Free, Seafood",Italian,"Staten Island, NY"
Sapori Ristorante,4.5,Not Available,10312,Italian,Italian,"Staten Island, NY"
Osfizio Ristorante,4.0,Not Available,10312,"Italian, Wine Bars, Cocktail Bars",Italian,"Staten Island, NY"
Taverna On The Bay,4.5,$$,10304,"Seafood, Mediterranean, Wine Bars",Italian,"Staten Island, NY"
Da Noi Restaurant on Victory Blvd,4.0,$$$,10314,Italian,Italian,"Staten Island, NY"
IL FORNO A LEGNA,4.5,$$,07065,"Pizza, Salad, Italian",Italian,"Staten Island, NY"
Cucina Fresca,4.5,$$,10306,"Pizza, Italian, Seafood",Italian,"Staten Island, NY"
Villa Paradiso,4.0,$$$,10308,"Steakhouses, Italian",Italian,"Staten Island, NY"
Vinum Restaurant & Wine Bar,4.5,$$$,10304,"Wine Bars, Italian, Tapas/Small Plates",Italian,"Staten Island, NY"
La Strada Restaurant,4.0,$$,10306,Italian,Italian,"Staten Island, NY"
Angelina's Kitchen,3.5,$$,10314,Italian,Italian,"Staten Island, NY"
Da Noi Downtown Staten Island,4.0,$$$,10305,Italian,Italian,"Staten Island, NY"
La Campagnola,4.5,$$,07033,Italian,Italian,"Staten Island, NY"
Reggiano's,4.0,$$,10307,"Pizza, Italian, Barbeque",Italian,"Staten Island, NY"
Don Cheech,4.5,Not Available,10305,Italian,Italian,"Staten Island, NY"
Da Andrea - Greenwich Village,4.5,$$,10011,"Italian, Mediterranean, Breakfast & Brunch",Italian,"Staten Island, NY"
Max's Es-Ca,4.0,$$,10304,"Italian, Bars",Italian,"Staten Island, NY"
Aunt Butchies of Brooklyn,4.0,$$,10309,"Italian, Cocktail Bars, Venues & Event Spaces",Italian,"Staten Island, NY"
Trattoria Oliveto,4.0,Not Available,10305,Italian,Italian,"Staten Island, NY"
Italianissimo Restaurant,4.0,$$$,10305,"Italian, Wine Bars, Pasta Shops",Italian,"Staten Island, NY"
Campania Coal Fired Pizza,4.0,$$$,10312,"Pizza, Italian",Italian,"Staten Island, NY"
Bocelli,4.0,$$$,10305,Italian,Italian,"Staten Island, NY"
Fig & Vine,4.0,$$$,10306,"Italian, Cocktail Bars",Italian,"Staten Island, NY"
Luce,4.0,Not Available,10309,"Italian, Wine Bars",Italian,"Staten Island, NY"
Dani's Italian Bistro,4.5,$$,10307,"Italian, Cocktail Bars",Italian,"Staten Island, NY"
Olio e Più,4.5,$$,10014,"Pizza, Italian, Cocktail Bars",Italian,"Staten Island, NY"
Brioso,3.5,$$$,10306,Italian,Italian,"Staten Island, NY"
Angelina's Ristorante,3.0,$$$,10307,Italian,Italian,"Staten Island, NY"
Ristorante Venezia,4.0,$$,07095,Italian,Italian,"Staten Island, NY"
Casanova,4.0,$$,10314,Italian,Italian,"Staten Island, NY"
La Fontana Sorellena,4.0,Not Available,10312,Italian,Italian,"Staten Island, NY"
Il Sogno,3.0,$$$,10312,Italian,Italian,"Staten Island, NY"
Café Bello,4.5,$$,07002,Italian,Italian,"Staten Island, NY"
Denino's Pizzeria & Tavern,4.0,$$,10302,"Pizza, Italian, Chicken Wings",Italian,"Staten Island, NY"
Baci Restaurante,3.0,$$$,10304,"Italian, Seafood, Pizza",Italian,"Staten Island, NY"
The Richmond,4.5,Not Available,10304,New American,American,"Staten Island, NY"
Craft House,4.5,$$,10301,"Bars, Barbeque",American,"Staten Island, NY"
West Shore Inn Steakhouse,4.0,$$,10314,"Steakhouses, Seafood, American",American,"Staten Island, NY"
J’s On The Bay,4.0,$$,10305,"New American, Breakfast & Brunch, Pizza",American,"Staten Island, NY"
Richmond Republic,3.5,Not Available,10312,"American, Gastropubs",American,"Staten Island, NY"
Vinum Restaurant & Wine Bar,4.5,$$$,10304,"Wine Bars, Italian, Tapas/Small Plates",American,"Staten Island, NY"
Lacey's Bridge Tavern,4.5,$$,10302,"Breakfast & Brunch, American, Seafood",American,"Staten Island, NY"
Supreme Burger Company - Staten Island,4.0,Not Available,10310,Burgers,American,"Staten Island, NY"
Half Moon,4.5,Not Available,07734,"Bars, Seafood",American,"Staten Island, NY"
Canlon's Restaurant,4.0,$$,10306,"American, Seafood, Cocktail Bars",American,"Staten Island, NY"
Tommy's Tavern + Tap,4.0,$$,10314,"Pizza, Bars, American",American,"Staten Island, NY"
Cypress Hall,4.0,Not Available,10304,"Beer Bar, New American",American,"Staten Island, NY"
The KOVA,4.5,$$,10306,"Breakfast & Brunch, Coffee & Tea",American,"Staten Island, NY"
Dolce Fantasia,5.0,Not Available,10309,"Italian, Breakfast & Brunch, Burgers",American,"Staten Island, NY"
The Hop Shoppe,4.0,$$,10304,"Gastropubs, American, Sports Bars",American,"Staten Island, NY"
Cargo Cafe,4.0,$$,10301,"American, Bars",American,"Staten Island, NY"
G&G American Grill,4.5,Not Available,10314,"Breakfast & Brunch, American, Burgers",American,"Staten Island, NY"
The Common,4.5,$$,11209,"Breakfast & Brunch, New American, Comfort Food",American,"Staten Island, NY"
Serena Bistro,5.0,Not Available,10309,"Seafood, Steakhouses, Cocktail Bars",American,"Staten Island, NY"
Villa Paradiso,4.0,$$$,10308,"Steakhouses, Italian",American,"Staten Island, NY"
Da Andrea - Greenwich Village,4.5,$$,10011,"Italian, Mediterranean, Breakfast & Brunch",American,"Staten Island, NY"
Manor Restaurant,4.0,$$,10314,New American,American,"Staten Island, NY"
Rosebank Tavern,4.5,$$,10305,"Bars, American",American,"Staten Island, NY"
Miller's Ale House,3.5,$$,10314,"American, Sports Bars",American,"Staten Island, NY"
The Local,4.5,$$,10314,"Bars, New American",American,"Staten Island, NY"
Vine and Oak Tavern,4.0,Not Available,07016,"Comfort Food, Wine Bars, Cocktail Bars",American,"Staten Island, NY"
DIG,4.0,Not Available,11201,New American,American,"Staten Island, NY"
Aunt Butchies of Brooklyn,4.0,$$,10309,"Italian, Cocktail Bars, Venues & Event Spaces",American,"Staten Island, NY"
Nicki’s place,5.0,Not Available,10314,"Breakfast & Brunch, Coffee & Tea, Sandwiches",American,"Staten Island, NY"
Stick a Fork In It,5.0,Not Available,07748,"American, Southern",American,"Staten Island, NY"
Griff's Place,4.0,$$,10306,"Sports Bars, American, Desserts",American,"Staten Island, NY"
Joyce's Tavern,4.0,$$,10312,"Irish Pub, American",American,"Staten Island, NY"
David Burke TImeout Market,4.5,Not Available,11201,New American,American,"Staten Island, NY"
Max's Es-Ca,4.0,$$,10304,"Italian, Bars",American,"Staten Island, NY"
Li Greci's Staaten,4.0,$$,10310,"New American, Venues & Event Spaces",American,"Staten Island, NY"
Whiskey Hideaway,4.0,Not Available,10303,"Bars, New American, Salad",American,"Staten Island, NY"
True Food Kitchen,4.0,Not Available,08837,"New American, Breakfast & Brunch, Comfort Food",American,"Staten Island, NY"
Trakside Bar & Grill,3.5,$$,10306,"Bars, American",American,"Staten Island, NY"
Angel's Tavern,4.5,Not Available,10314,"Mediterranean, Italian, American",American,"Staten Island, NY"
Deluca's Italian Restaurant,4.5,$$$,10307,"Italian, Seafood, Cocktail Bars",American,"Staten Island, NY"
Taverna On The Bay,4.5,$$,10304,"Seafood, Mediterranean, Wine Bars",American,"Staten Island, NY"
Terminal 1,4.5,$$,10305,"Polish, Sports Bars, Lounges",American,"Staten Island, NY"
Mike's Unicorn Diner,3.0,$$,10314,"American, Diners, Greek",American,"Staten Island, NY"
Whiskey Tavern,4.5,$$,10013,"Whiskey Bars, Burgers, Chicken Wings",American,"Staten Island, NY"
Detox Juice Bar & Kabab Grill,4.5,Not Available,10302,"Juice Bars & Smoothies, Kebab, Breakfast & Brunch",American,"Staten Island, NY"
Ronnie's Sandwich Shoppe,4.5,Not Available,10306,"Sandwiches, Breakfast & Brunch, Burgers",American,"Staten Island, NY"
Emmett's,4.0,$$,10012,"American, Pizza, Sandwiches",American,"Staten Island, NY"
Basilio Inn,4.5,$$,10305,"Italian, New American",American,"Staten Island, NY"
O'Neills,4.0,$$,10302,"Bars, Irish, American",American,"Staten Island, NY"
Ruddy and Dean,4.0,$$$,10301,Steakhouses,American,"Staten Island, NY"
Kujira Japanese cuisine,5.0,Not Available,10308,Japanese,Japanese,"Staten Island, NY"
Miyabi Asian Fusion,4.5,$$,10302,"Sushi Bars, Japanese, Thai",Japanese,"Staten Island, NY"
Nori izakaya,4.5,Not Available,10305,"Ramen, Sushi Bars",Japanese,"Staten Island, NY"
Sakana Sushi & Hibachi Steakhouse,4.0,$$,10304,"Sushi Bars, Steakhouses",Japanese,"Staten Island, NY"
Yaho Sushi,4.5,Not Available,10309,"Sushi Bars, Japanese, Acai Bowls",Japanese,"Staten Island, NY"
Sushi Wen,4.5,$$,10310,"Japanese, Sushi Bars",Japanese,"Staten Island, NY"
Genki Sushi,4.0,$$,10308,Sushi Bars,Japanese,"Staten Island, NY"
Nori Sushi,3.5,$$,10306,"Sushi Bars, Japanese",Japanese,"Staten Island, NY"
Sayori Japanese Restaurant,4.0,$$,10302,"Japanese, Sushi Bars, Poke",Japanese,"Staten Island, NY"
Ocean Sushi,4.5,$$,10312,Sushi Bars,Japanese,"Staten Island, NY"
Fushimi Todt Hill,3.5,$$,10306,"Japanese, Lounges",Japanese,"Staten Island, NY"
Goku Kitchen,4.5,Not Available,10302,Asian Fusion,Japanese,"Staten Island, NY"
Yosuki Sushi,4.5,Not Available,10309,Sushi Bars,Japanese,"Staten Island, NY"
Misaki Sushi,4.0,$$,10309,"Sushi Bars, Salad, Noodles",Japanese,"Staten Island, NY"
Salmon Sushi,4.5,Not Available,10305,"Japanese, Sushi Bars",Japanese,"Staten Island, NY"
Sapporo Sushi House,3.5,$$,10314,"Sushi Bars, Japanese",Japanese,"Staten Island, NY"
Asa Bowl,4.0,Not Available,10301,"Ramen, Poke, Bubble Tea",Japanese,"Staten Island, NY"
Simple Asia,4.5,$$,10306,"Chinese, Sushi Bars, Ramen",Japanese,"Staten Island, NY"
Sanma,3.5,$$,10314,"Sushi Bars, Japanese",Japanese,"Staten Island, NY"
Sakai Ramen,4.0,$$,10314,"Tapas/Small Plates, Ramen, Bubble Tea",Japanese,"Staten Island, NY"
Ohkami Ramen,4.5,$$,10312,Ramen,Japanese,"Staten Island, NY"
Mizuumi,4.5,Not Available,10314,"Japanese, Sushi Bars, Noodles",Japanese,"Staten Island, NY"
SOBOKU,5.0,Not Available,11231,Japanese,Japanese,"Staten Island, NY"
Tokyo Sushi Korean BBQ,3.5,$$,10314,"Japanese, Sushi Bars, Korean",Japanese,"Staten Island, NY"
Wasabi Steak and Sushi,4.0,Not Available,10301,"Sushi Bars, Steakhouses, Japanese",Japanese,"Staten Island, NY"
Mountain Fusion,4.0,$$,10314,"Sushi Bars, Bars, Ramen",Japanese,"Staten Island, NY"
Hitto Ramen,4.0,Not Available,10314,Ramen,Japanese,"Staten Island, NY"
Fuji Sushi,3.0,$$,10305,Sushi Bars,Japanese,"Staten Island, NY"
Omakase Sushi By Hiro,4.5,Not Available,11235,Sushi Bars,Japanese,"Staten Island, NY"
Manna Sushi,5.0,$$,07067,"Japanese, Sushi Bars, Juice Bars & Smoothies",Japanese,"Staten Island, NY"
Tomo Japanese Restaurant,4.0,$$,10312,"Japanese, Sushi Bars, Soup",Japanese,"Staten Island, NY"
Avocado Sushi,3.5,Not Available,10314,Sushi Bars,Japanese,"Staten Island, NY"
Makoto,4.0,$$,07001,"Sushi Bars, Japanese, Asian Fusion",Japanese,"Staten Island, NY"
Fujisawa Asian Bistro,5.0,Not Available,11235,"Asian Fusion, Sushi Bars, Ramen",Japanese,"Staten Island, NY"
Avocado Sushi,3.5,Not Available,10305,Sushi Bars,Japanese,"Staten Island, NY"
Hitto Ramen,4.0,$$,10305,Ramen,Japanese,"Staten Island, NY"
Hong Kong Kei One,4.5,$,10308,"Asian Fusion, Chinese, Bubble Tea",Japanese,"Staten Island, NY"
Izakaya Ajimi,4.5,$$,11214,"Izakaya, Ramen",Japanese,"Staten Island, NY"
Arirang Hibachi Steakhouse,3.5,$$,10308,"Sushi Bars, Steakhouses, Japanese",Japanese,"Staten Island, NY"
Gohan Sushi,4.5,Not Available,11209,"Japanese, Sushi Bars",Japanese,"Staten Island, NY"
Hayaku Japanese Hibachi,5.0,Not Available,07016,"Japanese, Seafood, Steakhouses",Japanese,"Staten Island, NY"
Yoshi Restaurant,4.5,$$,07095,"Japanese, Sushi Bars",Japanese,"Staten Island, NY"
Mizu Hibachi Japanese Fusion,3.5,$$,10307,Japanese,Japanese,"Staten Island, NY"
Genki Sushi,3.5,$$,10312,"Japanese, Salad, Sushi Bars",Japanese,"Staten Island, NY"
Wasai Bistro,4.5,$$$,07016,"French, Japanese",Japanese,"Staten Island, NY"
Sapporo,4.5,$$,11209,"Japanese, Sushi Bars",Japanese,"Staten Island, NY"
Fushimi Tottenville,3.5,$$,10309,"Sushi Bars, Japanese, Lounges",Japanese,"Staten Island, NY"
Kiku Sushi,3.5,$$,10312,"Japanese, Sushi Bars",Japanese,"Staten Island, NY"
Otaiko Hibachi & Sushi Lounge,4.0,$$,07002,"Japanese, Sushi Bars, Sports Bars",Japanese,"Staten Island, NY"
East Sushi Japanese Restaurant,3.5,$,10312,"Japanese, Sushi Bars",Japanese,"Staten Island, NY"
Cantina Mexicana,4.0,$$,10306,Mexican,Mexican,"Staten Island, NY"
Taqueria Mexican Restaurant,4.5,Not Available,10314,Mexican,Mexican,"Staten Island, NY"
Sofia's Taqueria,4.0,$$,10305,"Mexican, Cocktail Bars",Mexican,"Staten Island, NY"
Mezcals Mexican Restaurant,4.0,$$,10314,Mexican,Mexican,"Staten Island, NY"
MERCADO ARIANA,4.0,Not Available,10308,"Mexican, Tex-Mex",Mexican,"Staten Island, NY"
La Iguana Azul,4.0,$$,10308,Mexican,Mexican,"Staten Island, NY"
Mexican cantina,3.5,$$,10314,Mexican,Mexican,"Staten Island, NY"
Maizal Restaurant,4.0,$$,10305,"Mexican, Bars",Mexican,"Staten Island, NY"
Yolpaqui Taqueria,4.0,$$,10302,Mexican,Mexican,"Staten Island, NY"
Taqueria El Gallo Azteca,4.5,$,10301,Mexican,Mexican,"Staten Island, NY"
Panaderia La Mixteca Poblana,4.5,$,10301,"Mexican, Delis",Mexican,"Staten Island, NY"
Beso,4.0,$$$,10301,"Spanish, Tapas Bars, Bars",Mexican,"Staten Island, NY"
Ho’Brah a Taco Joint,4.0,$$,10306,"Cocktail Bars, Tacos, Beer Bar",Mexican,"Staten Island, NY"
Mariachi Mexican Restaurant,3.5,Not Available,07041,Mexican,Mexican,"Staten Island, NY"
La Hacienda Restaurant,5.0,Not Available,08861,Mexican,Mexican,"Staten Island, NY"
Sofia's Taqueria - Amboy,3.5,$$,10312,"Cocktail Bars, Mexican, Empanadas",Mexican,"Staten Island, NY"
Tamales,4.0,Not Available,10302,Mexican,Mexican,"Staten Island, NY"
Lobo Loco Mexican Cantina,2.5,$$,10306,"Salad, Mexican, Cocktail Bars",Mexican,"Staten Island, NY"
Matamoros,5.0,Not Available,10302,Mexican,Mexican,"Staten Island, NY"
San Isidro,4.5,Not Available,07203,"Mexican, Desserts, Salad",Mexican,"Staten Island, NY"
La Casa del Taco,3.5,Not Available,10302,Tacos,Mexican,"Staten Island, NY"
Taqueria Oaxaca,4.0,$,10307,Mexican,Mexican,"Staten Island, NY"
Taqueria Restaurant Tres Amigos,3.5,$$,10307,"Mexican, Spanish, Bars",Mexican,"Staten Island, NY"
El Ranchito Mexican Restaurant,4.0,$,07095,Mexican,Mexican,"Staten Island, NY"
Ho'Brah a taco joint,3.5,$$,10301,"Mexican, Hawaiian",Mexican,"Staten Island, NY"
La Malinche Restaurant,4.5,$,07065,Mexican,Mexican,"Staten Island, NY"
Los Corrales Mexican Restaurant,4.5,$,07735,Mexican,Mexican,"Staten Island, NY"
Johnny Tequila's,4.0,$$,07203,"Mexican, Sports Bars, Vegan",Mexican,"Staten Island, NY"
La Cabaña Restaurant,4.0,$$,07201,Mexican,Mexican,"Staten Island, NY"
Lobo Loco Mexican Cantina,3.0,$$,11209,Mexican,Mexican,"Staten Island, NY"
La Candela Espanola,3.0,$$,10308,"Spanish, Mexican, Seafood",Mexican,"Staten Island, NY"
Birria Mania,4.0,Not Available,11209,"Mexican, Ramen, Cheesesteaks",Mexican,"Staten Island, NY"
El Patron 2,3.0,Not Available,10305,Mexican,Mexican,"Staten Island, NY"
Jose Tejas,4.0,$$,08830,"Cajun/Creole, Mexican, American",Mexican,"Staten Island, NY"
Burrito Bar and Restaurant,3.0,$$,10310,"Mexican, Bars",Mexican,"Staten Island, NY"
La Contenta,4.5,$$,10002,"Mexican, Bars, Breakfast & Brunch",Mexican,"Staten Island, NY"
Ho’ Brah Taco Joint,3.0,$$,10309,"Mexican, Cocktail Bars",Mexican,"Staten Island, NY"
El Aguila Dorada ,4.0,$$,07002,Mexican,Mexican,"Staten Island, NY"
Asado By Butterknife & Hammer,4.5,$$,07040,"Tacos, Tapas/Small Plates",Mexican,"Staten Island, NY"
Casa Pelaez,4.0,$$,08859,Tex-Mex,Mexican,"Staten Island, NY"
El Pollo Restaurant & Bar,3.0,$,10304,"Spanish, Bars, Latin American",Mexican,"Staten Island, NY"
Cafe Con Pan,4.0,$,10306,"Mexican, Bakeries, Breakfast & Brunch",Mexican,"Staten Island, NY"
El Aguila Dorada,4.0,$$,07002,Mexican,Mexican,"Staten Island, NY"
Rinconcito Paisa,3.5,$$,10303,"Colombian, Seafood, Steakhouses",Mexican,"Staten Island, NY"
El Ranchero Taqueria & Pizzeria,4.5,Not Available,07735,Mexican,Mexican,"Staten Island, NY"
Caliza,5.0,Not Available,10013,"Cocktail Bars, Mexican, Breakfast & Brunch",Mexican,"Staten Island, NY"
El Chingon Tex-Mex Mexican Restaurant,3.5,$$,07083,Tex-Mex,Mexican,"Staten Island, NY"
Antojitos Mexicanos,4.5,$,07203,Mexican,Mexican,"Staten Island, NY"
Picante,4.0,$$,07081,Mexican,Mexican,"Staten Island, NY"
Mi Mariachi Taqueria,4.5,$,07306,Mexican,Mexican,"Staten Island, NY"
Holy Schnitzel,3.5,$$,10314,"Kosher, Burgers, Sandwiches",Kosher,"Staten Island, NY"
Dairy Palace,3.0,$$,10314,"Pizza, Sushi Bars, Kosher",Kosher,"Staten Island, NY"
New Kosher Special,3.0,$$,07202,Kosher,Kosher,"Staten Island, NY"
Island Kosher,5.0,Not Available,10314,"Sushi Bars, Grocery, Kosher",Kosher,"Staten Island, NY"
Payless Glatt Kosher Meats,5.0,Not Available,10314,"Meat Shops, Grocery",Kosher,"Staten Island, NY"
Island Cafe,4.5,$,10314,"Ice Cream & Frozen Yogurt, Juice Bars & Smoothies, Kosher",Kosher,"Staten Island, NY"
Casanova,4.0,$$,10314,Italian,Kosher,"Staten Island, NY"
Kosher Island Glatt Kosher Take Home Food,3.5,$$$$,10314,"Meat Shops, Caterers",Kosher,"Staten Island, NY"
Heartland Bagels,4.0,$,10314,"Bakeries, Bagels",Kosher,"Staten Island, NY"
Harold's New York Deli,4.0,$$,08837,Delis,Kosher,"Staten Island, NY"
Jerusalem Restaurant & Catering,3.0,$,07202,"Kosher, Pizza, Pasta Shops",Kosher,"Staten Island, NY"
Avenue Grill & Sushi,3.0,$$$,07202,"Sushi Bars, American, Kosher",Kosher,"Staten Island, NY"
Deli King Of Clark,4.0,$$,07066,"Delis, Kosher, Sandwiches",Kosher,"Staten Island, NY"
Sakai Ramen,4.0,$$,10314,"Tapas/Small Plates, Ramen, Bubble Tea",Kosher,"Staten Island, NY"
Tommy's Tavern + Tap,4.0,$$,10314,"Pizza, Bars, American",Kosher,"Staten Island, NY"
Istanbul Grand Bazaar,4.0,Not Available,10306,Halal,Kosher,"Staten Island, NY"
Island Wok,4.5,Not Available,10314,Chinese,Kosher,"Staten Island, NY"
Denino's Pizzeria & Tavern,4.0,$$,10302,"Pizza, Italian, Chicken Wings",Kosher,"Staten Island, NY"
Menchie’s,4.0,Not Available,10306,Ice Cream & Frozen Yogurt,Kosher,"Staten Island, NY"
Ariemma's Italian Deli,4.5,$,10305,"Delis, Italian",Kosher,"Staten Island, NY"
Incas Grill Peruvian kitchen,4.0,$$,10306,Peruvian,Kosher,"Staten Island, NY"
Bravo Kosher Pizza,2.5,$$,10006,Pizza,Kosher,"Staten Island, NY"
Maple Kosher Meat Market,4.5,$$$,07088,Meat Shops,Kosher,"Staten Island, NY"
Bison & Bourbon,3.0,$$$$,11215,"Kosher, Burgers, American",Kosher,"Staten Island, NY"
Zara Cafe Grill,4.0,$$,10306,"Mediterranean, Turkish",Kosher,"Staten Island, NY"
Pastosa Ravioli,4.5,$$,10310,"Delis, Pasta Shops",Kosher,"Staten Island, NY"
The Green Chicpea,4.5,$,07102,"Middle Eastern, Salad, Falafel",Kosher,"Staten Island, NY"
Fresko Fresh Kosher,3.0,Not Available,07114,"Delis, Kosher",Kosher,"Staten Island, NY"
Yemen Cafe & Restaurant,4.5,$$,11201,"Middle Eastern, Cafes, Soup",Kosher,"Staten Island, NY"
Shiraz Kitchen & Wine Bar,4.5,Not Available,10011,"Persian/Iranian, Wine Bars, Mediterranean",Kosher,"Staten Island, NY"
Hobby's Delicatessen & Restaurant,4.5,$$,07102,"Wraps, Burgers, Sandwiches",Kosher,"Staten Island, NY"
City Vineyard,4.0,$$$,10013,"Wine Bars, New American, Venues & Event Spaces",Kosher,"Staten Island, NY"
Taste of Akko,5.0,Not Available,11230,"Kosher, Middle Eastern, Falafel",Kosher,"Staten Island, NY"
Fornos of Spain Restaurant,4.0,$$$,07105,"Spanish, Basque, Tapas Bars",Kosher,"Staten Island, NY"
European Deli,5.0,Not Available,07095,Delis,Kosher,"Staten Island, NY"
Pita on Essex,4.5,$$,07041,"Middle Eastern, Mediterranean",Kosher,"Staten Island, NY"
The Coffee Box,4.5,$$,07065,"Coffee & Tea, Bakeries, Breakfast & Brunch",Kosher,"Staten Island, NY"
Fernandes Steak House,4.0,$$$,07105,"Portuguese, Steakhouses, Brazilian",Kosher,"Staten Island, NY"
David's Restaurant,4.5,$$,11223,"Kosher, Middle Eastern",Kosher,"Staten Island, NY"
Nish Nush,4.5,$$,10013,"Vegetarian, Moroccan, Greek",Kosher,"Staten Island, NY"
Tabaq Restaurant & BBQ,3.5,$$,08820,"Pakistani, Indian",Kosher,"Staten Island, NY"
Greenwich and Delancey,5.0,Not Available,10006,"Kosher, Soup, Sandwiches",Kosher,"Staten Island, NY"
Tokyo Hibachi,4.0,$$,07081,"Sushi Bars, Japanese",Kosher,"Staten Island, NY"
Holy Schnitzel,4.0,$$,11223,"Kosher, Salad, Sandwiches",Kosher,"Staten Island, NY"
Rye Deli,4.0,Not Available,07081,"Wraps, Burgers, Sandwiches",Kosher,"Staten Island, NY"
Karczma,4.5,$$,11222,Polish,Kosher,"Staten Island, NY"
Ayat,3.5,Not Available,10306,"Middle Eastern, Desserts, Pasta Shops",Kosher,"Staten Island, NY"
Fins and Scales,5.0,Not Available,10003,"Kosher, Japanese, Sushi Bars",Kosher,"Staten Island, NY"
Korn's Bakery & Cafe,5.0,Not Available,07036,"Cafes, Bakeries, Kosher",Kosher,"Staten Island, NY"
David's Brisket House and Deli,4.0,$$,11216,"Delis, Sandwiches, Burgers",Kosher,"Staten Island, NY"
Antonio's Trattoria,4.5,$$,10458,"Italian, Pizza, Desserts",Italian,"The Bronx, NY"
Trattoria Zero Otto Nove,4.0,$$,10458,"Italian, Pizza",Italian,"The Bronx, NY"
Orrico's Italian Restaurant,4.5,Not Available,10461,Italian,Italian,"The Bronx, NY"
Enzos of Arthur Avenue,4.0,$$,10458,"Italian, Pizza, Venues & Event Spaces",Italian,"The Bronx, NY"
Dominick's Restaurant,4.0,$$,10458,Italian,Italian,"The Bronx, NY"
Da Franco & Tony Ristorante,4.5,$$,10461,Italian,Italian,"The Bronx, NY"
Patricia's of Morris Park,4.0,$$$,10461,"Pizza, Italian, Bars",Italian,"The Bronx, NY"
Frankie's Restaurant,4.5,Not Available,10458,"Italian, Seafood, Cocktail Bars",Italian,"The Bronx, NY"
Emiliano's Market,5.0,Not Available,10471,"Italian, Delis, Caterers",Italian,"The Bronx, NY"
Mario's Restaurant,4.0,$$,10458,"Italian, Seafood",Italian,"The Bronx, NY"
Misto Restaurant and Bar,4.5,Not Available,10469,"Seafood, Italian, Wine Bars",Italian,"The Bronx, NY"
F & J Pine,3.5,$$,10462,"Italian, Wine Bars, Venues & Event Spaces",Italian,"The Bronx, NY"
San Gennaro Trattoria Restaurant Bar,4.0,$$,10458,"Italian, Mediterranean",Italian,"The Bronx, NY"
Enzo's of Williamsbridge,4.0,$$,10461,Italian,Italian,"The Bronx, NY"
Trattoria Tra di Noi,4.0,$$,10458,"Italian, Seafood",Italian,"The Bronx, NY"
Roberto's,4.0,$$$,10458,Italian,Italian,"The Bronx, NY"
Michaelangelo's,3.5,$$,10458,"Lounges, Italian, Wine Bars",Italian,"The Bronx, NY"
Emilia's Restaurant,4.0,$$,10458,Italian,Italian,"The Bronx, NY"
Fratelli,4.0,$$,10469,"Italian, Seafood",Italian,"The Bronx, NY"
Pasquale Rigoletto Restaurant,3.5,$$,10458,"Italian, Venues & Event Spaces, Caterers",Italian,"The Bronx, NY"
Gerbasi Ristorante,4.0,$$,10458,Italian,Italian,"The Bronx, NY"
Porto Salvo,4.5,$$,10451,"Italian, Wine Bars",Italian,"The Bronx, NY"
Addeo's of the Bronx,4.0,Not Available,10461,Pizza,Italian,"The Bronx, NY"
Pasta-Pasta,4.0,$$,10461,Italian,Italian,"The Bronx, NY"
Absolutto: Cuisine & Bar,4.5,Not Available,10462,"Bars, Latin American, Italian",Italian,"The Bronx, NY"
Lena Trattoria,4.5,Not Available,10465,"Pizza, Pasta Shops, Italian",Italian,"The Bronx, NY"
Tosca Cafe,3.0,$$$,10465,"Pizza, Italian, Cafes",Italian,"The Bronx, NY"
Sergio's Ristorante,4.5,$$$,10803,Italian,Italian,"The Bronx, NY"
Trattoria L'incontro,4.5,$$$,11105,"Italian, Pizza, Salad",Italian,"The Bronx, NY"
Emilio's of Morris Park,4.0,$$,10461,"Pizza, Italian, Salad",Italian,"The Bronx, NY"
Beccofino,4.0,$$,10471,Italian,Italian,"The Bronx, NY"
Louie & Johnnies Ristorante Primavera,4.0,$$,10704,Italian,Italian,"The Bronx, NY"
Piattini,5.0,Not Available,10458,"Italian, Tapas/Small Plates, Cocktail Bars",Italian,"The Bronx, NY"
Roberto's II Ristorante,4.0,$$,07020,Italian,Italian,"The Bronx, NY"
Patricia's Of Tremont,3.5,$$,10465,"Pizza, Italian",Italian,"The Bronx, NY"
The Original Venice Restaurant,3.5,$$,10455,"Italian, Pizza",Italian,"The Bronx, NY"
Rao's,4.5,$$$$,10029,Italian,Italian,"The Bronx, NY"
Olio e Più,4.5,$$,10014,"Pizza, Italian, Cocktail Bars",Italian,"The Bronx, NY"
Giovanni,2.5,$$,10451,"Italian, Pizza",Italian,"The Bronx, NY"
Mike's Deli Arthur Avenue,4.0,$$,10458,"Caterers, Delis, Pasta Shops",Italian,"The Bronx, NY"
Ann & Tony's Restaurant,3.0,$$,10458,Italian,Italian,"The Bronx, NY"
Arthur Avenue,4.0,Not Available,10001,Italian,Italian,"The Bronx, NY"
Tapas Italiano,4.0,$$,10458,"Tapas/Small Plates, Italian, Seafood",Italian,"The Bronx, NY"
La Lanterna Restaurant & Caffe,4.5,$$,10710,"Italian, Pizza, Wine Bars",Italian,"The Bronx, NY"
Trattoria La Sorrentina,4.5,$$,07047,"Italian, Pizza",Italian,"The Bronx, NY"
The Bridge Wood Fired Pizza & Restaurant,4.0,Not Available,10461,"Pizza, Pasta Shops",Italian,"The Bronx, NY"
Marcello's Wood Fired Pizza & Restaurant,4.0,$$,10803,"Pizza, Italian, Salad",Italian,"The Bronx, NY"
Rubirosa,4.5,$$,10012,"Italian, Pizza",Italian,"The Bronx, NY"
Carmine's Italian Restaurant - Upper West Side,4.0,$$,10024,"Italian, Desserts, Seafood",Italian,"The Bronx, NY"
Zero Otto Nove,4.0,$$,10010,"Italian, Pizza",Italian,"The Bronx, NY"
The Rail House 10803,4.5,$$,10803,"American, Bars, Venues & Event Spaces",American,"The Bronx, NY"
The Bronx Public,4.0,$$,10463,"Sports Bars, American",American,"The Bronx, NY"
The Last Stop,4.5,$$,10471,"Bars, American, Indian",American,"The Bronx, NY"
Hudson Garden Grill,4.0,$$,10458,New American,American,"The Bronx, NY"
The Waterfront NYC,4.0,Not Available,10465,"New American, Seafood, Breakfast & Brunch",American,"The Bronx, NY"
Bronx Burger House,4.5,$$,10471,Burgers,American,"The Bronx, NY"
Mom's Kitchen & Bar,4.5,$$,10019,"Comfort Food, Breakfast & Brunch, Bars",American,"The Bronx, NY"
Morris Park Inn,4.5,Not Available,10461,"Sports Bars, American, Wraps",American,"The Bronx, NY"
Tortoise & Hare,4.5,Not Available,10471,"Bars, American, Barbeque",American,"The Bronx, NY"
Novelty Eats,4.0,$$,10461,"Comfort Food, New American",American,"The Bronx, NY"
Blackstone Bar & Grill,4.0,$$,10463,"Sports Bars, Burgers, Sandwiches",American,"The Bronx, NY"
Charlies Bar & Kitchen,4.0,$$,10454,"Cocktail Bars, Southern, American",American,"The Bronx, NY"
Bronx Drafthouse,4.0,$$,10452,"New American, Beer Bar, Sports Bars",American,"The Bronx, NY"
Bangkok City,4.0,$$,10803,"Thai, Bars",American,"The Bronx, NY"
Fine Food Cuisine,4.0,$$,10462,New American,American,"The Bronx, NY"
American Grill,4.5,Not Available,10455,American,American,"The Bronx, NY"
Bronx Alehouse,4.0,$$,10463,"American, Pubs",American,"The Bronx, NY"
Clinton Hall Bronx,4.0,$$,10458,"Beer Gardens, Bars, American",American,"The Bronx, NY"
National Restaurant & Coffee Shop,4.0,$,10468,"Diners, Breakfast & Brunch, American",American,"The Bronx, NY"
Beatstro,4.0,$$,10454,"American, Speakeasies, Latin American",American,"The Bronx, NY"
Hudson Smokehouse,4.0,$$,10454,"Barbeque, Steakhouses",American,"The Bronx, NY"
Howl at the Moon,3.5,$,10458,"Sports Bars, New American",American,"The Bronx, NY"
Tibbett Diner,4.0,$,10463,Diners,American,"The Bronx, NY"
Tavern 61 Restaurant,4.5,Not Available,07601,"Burgers, Chicken Wings, Pizza",American,"The Bronx, NY"
Golden Eagle II Diner,3.0,$,10462,Diners,American,"The Bronx, NY"
Saints and Scholars,4.5,$$,10704,Bars,American,"The Bronx, NY"
The Cabin NYC,4.0,$$,10009,"New American, Cocktail Bars, Breakfast & Brunch",American,"The Bronx, NY"
Melba's Restaurant,4.0,$$,10026,"Southern, American, Soul Food",American,"The Bronx, NY"
Metro Gourmet Deli,4.0,Not Available,10462,"Salad, Juice Bars & Smoothies, Burgers",American,"The Bronx, NY"
RH Rooftop Restaurant New York,4.0,$$$,10014,"American, Wine Bars",American,"The Bronx, NY"
Shake Shack Bay Plaza,3.5,$$,10475,"Burgers, Ice Cream & Frozen Yogurt, Hot Dogs",American,"The Bronx, NY"
Liberty Diner,4.0,$$,10461,"Donuts, Diners, Coffee & Tea",American,"The Bronx, NY"
Sedona Taphouse,4.0,$$,07010,American,American,"The Bronx, NY"
Fiorentina Steakhouse,4.5,Not Available,10465,Steakhouses,American,"The Bronx, NY"
The Brunch Box,5.0,Not Available,10461,"Food Trucks, Burgers, Sandwiches",American,"The Bronx, NY"
Yankee Tavern,4.0,$$,10451,"Sports Bars, Pubs",American,"The Bronx, NY"
The Barbecue Pit,3.5,$$,10471,"Barbeque, Comfort Food, Seafood",American,"The Bronx, NY"
Harlem Public,4.0,$$,10031,"New American, Pubs, Beer Bar",American,"The Bronx, NY"
Rosa’s At Park,3.5,Not Available,10451,"Latin American, Breakfast & Brunch",American,"The Bronx, NY"
Casa Restaurant & Lounge,4.0,$$,10465,"Lounges, Latin American, Breakfast & Brunch",American,"The Bronx, NY"
Skyview Diner,3.5,$$,10462,"American, Diners",American,"The Bronx, NY"
Amazing Chicken&Gyro,5.0,Not Available,10467,"Halal, Chicken Wings, Burgers",American,"The Bronx, NY"
Fish N' Ting,4.0,$$,10466,"Caribbean, Seafood, Bars",American,"The Bronx, NY"
Tremont Diner,3.5,$$,10461,Diners,American,"The Bronx, NY"
Jagerhaus German Restaurant & Biergarten,4.0,$$,11357,"German, Beer Bar, American",American,"The Bronx, NY"
Hibachi Grill & Buffet,4.0,Not Available,10460,"Buffets, New American, Japanese",American,"The Bronx, NY"
The Original Crab Shanty Restaurant,3.5,$$,10464,"Seafood, Italian, American",American,"The Bronx, NY"
Lotus Lounge,4.0,$$,10462,Hookah Bars,American,"The Bronx, NY"
La Masa Restaurante,4.0,Not Available,10462,"Colombian, Burgers, Cocktail Bars",American,"The Bronx, NY"
Mr Chopped Cheese & Grill ,4.0,Not Available,10468,"Juice Bars & Smoothies, Breakfast & Brunch, Sandwiches",American,"The Bronx, NY"
Zhongzhong Noodles - Bronx,4.5,$$,10458,"Chinese, Noodles, Ramen",Japanese,"The Bronx, NY"
The Japanese Pop-Up Restaurant,5.0,Not Available,10458,Japanese,Japanese,"The Bronx, NY"
Aoyu Sushi,4.5,$$,10463,"Japanese, Sushi Bars, Salad",Japanese,"The Bronx, NY"
Kai Sushi Asian Fusion,4.0,$$,10461,"Asian Fusion, Chinese, Japanese",Japanese,"The Bronx, NY"
Edo Japanese Steakhouse,4.0,$$,10803,"Japanese, Steakhouses",Japanese,"The Bronx, NY"
Osaka Sushi,4.0,Not Available,10461,Japanese,Japanese,"The Bronx, NY"
Ikko Hibachi Sushi Asian Bistro,4.0,Not Available,10465,"Asian Fusion, Japanese, Sushi Bars",Japanese,"The Bronx, NY"
Okinami Sushi Bar,5.0,Not Available,07648,Sushi Bars,Japanese,"The Bronx, NY"
Minato by Porto Salvo,5.0,Not Available,10451,"Izakaya, Cocktail Bars",Japanese,"The Bronx, NY"
Flame,4.0,$$$,10463,"Asian Fusion, Teppanyaki, Sushi Bars",Japanese,"The Bronx, NY"
Kiraku Sushi,3.5,$$,10461,"Sushi Bars, Japanese",Japanese,"The Bronx, NY"
Koi Revolving Sushi Restaurant,3.5,Not Available,10475,"Conveyor Belt Sushi, Sushi Bars, Seafood",Japanese,"The Bronx, NY"
Tokyo House,4.0,$$,10471,Japanese,Japanese,"The Bronx, NY"
Sake II,3.5,$$,10458,"Japanese, Sushi Bars",Japanese,"The Bronx, NY"
Yumi,3.5,$$,10803,"Japanese, Bars, Asian Fusion",Japanese,"The Bronx, NY"
Sugi Sushi,4.0,$$,10465,"Sushi Bars, Japanese",Japanese,"The Bronx, NY"
Teriyaki One,4.0,Not Available,10458,Japanese,Japanese,"The Bronx, NY"
Ramen Ku-Raku,4.0,$$,10032,Ramen,Japanese,"The Bronx, NY"
Izakaya Nana,4.5,$$$,11354,Izakaya,Japanese,"The Bronx, NY"
Mamasushi - Bronx,3.5,$$,10465,"Sushi Bars, Cocktail Bars",Japanese,"The Bronx, NY"
Yamada Japanese,3.5,$$,10465,"Japanese, Sushi Bars",Japanese,"The Bronx, NY"
Ohana,3.0,$$,10464,"Japanese, Wine Bars",Japanese,"The Bronx, NY"
Sarku Japan,4.0,$,10465,"Japanese, Sushi Bars",Japanese,"The Bronx, NY"
Tomo Sushi - Grill,4.0,$$,10705,"Sushi Bars, Japanese",Japanese,"The Bronx, NY"
Shangerila Restaurant,3.5,$$,10461,"Sushi Bars, Buffets, Seafood",Japanese,"The Bronx, NY"
Tampopo Ramen,4.0,$$,10033,Ramen,Japanese,"The Bronx, NY"
Anytime Kitchen Fort Lee,4.5,Not Available,07024,"Sushi Bars, Barbeque, Korean",Japanese,"The Bronx, NY"
Enbu Japanese Asian Fusion,4.5,Not Available,10701,"Asian Fusion, Sushi Bars",Japanese,"The Bronx, NY"
Bon,5.0,Not Available,07675,"Sushi Bars, Korean, Japanese",Japanese,"The Bronx, NY"
Loong Xin Asian cuisine,3.5,$,10466,"Japanese, Thai, Chinese",Japanese,"The Bronx, NY"
Moon Star Grill,4.0,$$,10463,"Asian Fusion, Vietnamese",Japanese,"The Bronx, NY"
Khangri Restaurant,4.0,$$,10701,"Japanese, Sushi Bars, Buffets",Japanese,"The Bronx, NY"
Masaaki Modern Japanese Cuisine,4.0,Not Available,11361,Japanese,Japanese,"The Bronx, NY"
Sakura,4.0,$$,10803,"Sushi Bars, Japanese",Japanese,"The Bronx, NY"
Sushi Castle,3.5,$$,10709,"Sushi Bars, Japanese",Japanese,"The Bronx, NY"
Sazanami,4.5,$$,07024,"Sushi Bars, Japanese Curry",Japanese,"The Bronx, NY"
KUMO Japanese Restaurant,4.0,$$,10583,"Japanese, Lounges, Sushi Bars",Japanese,"The Bronx, NY"
Lin's Asian Cuisine,3.5,$$,10462,"Chinese, Sushi Bars, Asian Fusion",Japanese,"The Bronx, NY"
Choo Choo Train,4.5,$$,07605,"Conveyor Belt Sushi, Sushi Bars",Japanese,"The Bronx, NY"
Roc N Ramen,4.0,$$,10801,"Ramen, Noodles, Desserts",Japanese,"The Bronx, NY"
Omatoya,5.0,Not Available,11378,"Sushi Bars, Japanese",Japanese,"The Bronx, NY"
Dumpling + Noodle,3.5,$$,10708,"Noodles, Pan Asian",Japanese,"The Bronx, NY"
MORU,4.5,Not Available,07024,"Japanese, Asian Fusion",Japanese,"The Bronx, NY"
Daruma Japanese Cuisine,3.5,Not Available,10451,Sushi Bars,Japanese,"The Bronx, NY"
Palace of Japan,3.5,$$,10463,"Japanese, Bars, Sushi Bars",Japanese,"The Bronx, NY"
Izakaya Fuku,4.5,$$,11372,Japanese,Japanese,"The Bronx, NY"
Ramen Musashi,4.0,$$,10583,"Ramen, Japanese Curry",Japanese,"The Bronx, NY"
JUGEMU,4.5,Not Available,07626,Sushi Bars,Japanese,"The Bronx, NY"
Asian Tokyo,3.5,$$,10471,"Japanese, Sushi Bars",Japanese,"The Bronx, NY"
Sakura Garden Japanese Cuisine,4.5,$$,10706,"Japanese, Sushi Bars",Japanese,"The Bronx, NY"
Taqueria Tlaxcalli,4.5,$$,10462,Mexican,Mexican,"The Bronx, NY"
La Catrina Restaurant,4.0,Not Available,10461,"Mexican, Seafood, Pizza",Mexican,"The Bronx, NY"
Mesa Maya,4.0,$$,10704,Mexican,Mexican,"The Bronx, NY"
Tortilleria Taqueria Lenchita,5.0,Not Available,10458,Mexican,Mexican,"The Bronx, NY"
Cocina Chente,4.0,$$,10463,"Mexican, Cocktail Bars",Mexican,"The Bronx, NY"
La Catrina Restaurant,3.5,Not Available,10462,Mexican,Mexican,"The Bronx, NY"
Estrellita Poblana II,3.5,$$,10467,Mexican,Mexican,"The Bronx, NY"
Estrellita Poblana IV,4.0,$$,10461,Mexican,Mexican,"The Bronx, NY"
Estrellita Poblana,4.0,$$,10462,Mexican,Mexican,"The Bronx, NY"
Picante Picante,4.0,$$,10463,Mexican,Mexican,"The Bronx, NY"
Estrellita Poblana III,4.0,$$,10458,Mexican,Mexican,"The Bronx, NY"
Xochimilco Family Restaurant,4.5,$$,10455,Mexican,Mexican,"The Bronx, NY"
Los Girasoles Restaurant,4.5,$,10458,Mexican,Mexican,"The Bronx, NY"
Mexicocina,3.5,$$,10455,Mexican,Mexican,"The Bronx, NY"
The Mas Chingon,4.5,Not Available,11358,"Mexican, Diners, Breakfast & Brunch",Mexican,"The Bronx, NY"
Little Frida's Eatery,5.0,Not Available,10464,"Mexican, American",Mexican,"The Bronx, NY"
La Catrina Mexican Bistro,3.5,Not Available,10034,Mexican,Mexican,"The Bronx, NY"
Tulcingo Cafe,4.0,Not Available,10461,Mexican,Mexican,"The Bronx, NY"
Cantina Lobos,4.0,$$,10803,Mexican,Mexican,"The Bronx, NY"
Frida's Tacos,4.5,$$,10471,Tacos,Mexican,"The Bronx, NY"
Guadalupe Restaurant,4.0,$$,10034,"Mexican, Steakhouses, Seafood",Mexican,"The Bronx, NY"
Don Jose Mexican Restaurant,4.5,$$,10710,Mexican,Mexican,"The Bronx, NY"
Mama Puebla,3.5,$$,10465,Mexican,Mexican,"The Bronx, NY"
Tobalá,4.5,Not Available,10463,"Mexican, Cocktail Bars",Mexican,"The Bronx, NY"
La Catrina Mexican Bar III,4.5,Not Available,10472,"Mexican, Bars, Event Planning & Services",Mexican,"The Bronx, NY"
Vida Verde,4.5,$$,10019,"Cocktail Bars, Mexican, Venues & Event Spaces",Mexican,"The Bronx, NY"
Estrellita Mixteca,4.0,Not Available,10472,Mexican,Mexican,"The Bronx, NY"
Taqueria Emilio 2,5.0,Not Available,10458,Mexican,Mexican,"The Bronx, NY"
el asadero Mexican grill Fort lee,3.5,Not Available,07024,Mexican,Mexican,"The Bronx, NY"
La Casa Bronxville,4.0,$$,10708,"Mexican, Cocktail Bars",Mexican,"The Bronx, NY"
Havana Cafe,4.0,$$,10461,"Cuban, Latin American",Mexican,"The Bronx, NY"
La Morada,4.5,$$,10454,"Mexican, Vegetarian",Mexican,"The Bronx, NY"
La Contenta,4.5,$$,10002,"Mexican, Bars, Breakfast & Brunch",Mexican,"The Bronx, NY"
Rosa Mexicano,3.5,$$,10023,Mexican,Mexican,"The Bronx, NY"
Yolanda's Tamales,5.0,$,10031,"Mexican, Food Stands",Mexican,"The Bronx, NY"
El Alazan Bar Restaurant,5.0,Not Available,07601,"Mexican, Cocktail Bars",Mexican,"The Bronx, NY"
El Molcajete,3.5,$$,10472,Mexican,Mexican,"The Bronx, NY"
Top Tortillas,4.0,$,10461,"Mexican, Tex-Mex",Mexican,"The Bronx, NY"
La Casa De Frida,4.0,Not Available,10467,"New Mexican Cuisine, New American, Dominican",Mexican,"The Bronx, NY"
Ruta Oaxaca Mexican Cuisine,4.5,$$$,11106,"Mexican, Breakfast & Brunch, Cocktail Bars",Mexican,"The Bronx, NY"
Tlaquepaque Restaurant,4.5,$$,10801,Mexican,Mexican,"The Bronx, NY"
Pique 86,4.5,$,10458,Mexican,Mexican,"The Bronx, NY"
Santa Fe Grill & Bar,4.0,$$,10471,"Mexican, Bars",Mexican,"The Bronx, NY"
Tacos El Bronco II,4.5,$,10462,"Mexican, Food Trucks",Mexican,"The Bronx, NY"
Colima Taqueria,4.0,Not Available,10458,"Tacos, Cocktail Bars",Mexican,"The Bronx, NY"
Travesias,4.0,$$$,10465,Latin American,Mexican,"The Bronx, NY"
Metate,3.0,$$,10463,Mexican,Mexican,"The Bronx, NY"
Taqueria Guerrero,3.5,Not Available,10461,Mexican,Mexican,"The Bronx, NY"
Estrellita Poblana New Roc,3.5,Not Available,10801,Mexican,Mexican,"The Bronx, NY"
Estrellita Poblana,4.0,Not Available,10467,Mexican,Mexican,"The Bronx, NY"
Liebman's Kosher Delicatessen,4.0,$$,10463,"Delis, Kosher",Kosher,"The Bronx, NY"
Second Helping Glatt Kosher Food,3.5,$$,10463,Delis,Kosher,"The Bronx, NY"
Prime Time Cafe,4.0,$$$,10804,"Pizza, Kosher",Kosher,"The Bronx, NY"
Kai Fan Asian Cuisine,3.5,$$,10463,"Kosher, Japanese, Chinese",Kosher,"The Bronx, NY"
Corner Cafe & Bakery,3.0,$$,10463,"Vegetarian, Bakeries, Kosher",Kosher,"The Bronx, NY"
Carlos & Gabby's Riverdale,3.0,$$,10471,"Mexican, Kosher, Barbeque",Kosher,"The Bronx, NY"
Riverdale Steak House,3.5,$$,10471,"Steakhouses, Irish Pub",Kosher,"The Bronx, NY"
Moss Cafe,3.5,$$,10463,"Cafes, Kosher, New American",Kosher,"The Bronx, NY"
Yo-Burger,4.0,$$,10463,"Burgers, Vegetarian",Kosher,"The Bronx, NY"
Teitel Brothers,4.5,$$,10458,"Grocery, Imported Food",Kosher,"The Bronx, NY"
Golan Heights,4.0,$$,10033,"Middle Eastern, Kosher",Kosher,"The Bronx, NY"
Näna Good Eats,4.5,Not Available,11357,"Middle Eastern, Falafel, Kosher",Kosher,"The Bronx, NY"
Blackstone Bar & Grill,4.0,$$,10463,"Sports Bars, Burgers, Sandwiches",Kosher,"The Bronx, NY"
Pizza Block,2.0,$$,10471,"Pizza, Kosher, Sushi Bars",Kosher,"The Bronx, NY"
Hakadosh BBQ,3.5,$$$,10704,Specialty Food,Kosher,"The Bronx, NY"
Mario's Restaurant,4.0,$$,10458,"Italian, Seafood",Kosher,"The Bronx, NY"
Leche Y Miel Restaurant,4.0,$$,10463,"Comfort Food, Dominican, Juice Bars & Smoothies",Kosher,"The Bronx, NY"
Veggie Heaven,4.5,$$,07666,"Vegetarian, Kosher, Vegan",Kosher,"The Bronx, NY"
The Wooden Spoon,4.0,$$,10801,"Burgers, American, Beer Bar",Kosher,"The Bronx, NY"
Epstein's Of Yonkers,3.5,$$,10710,"Delis, Kosher, American",Kosher,"The Bronx, NY"
Ember by Smokey Joe,3.0,Not Available,10471,"Steakhouses, Barbeque, Kosher",Kosher,"The Bronx, NY"
Burger Heights,4.0,$$,10033,"Burgers, Fast Food, Hot Dogs",Kosher,"The Bronx, NY"
La Cucina di Nava,4.5,Not Available,07666,Italian,Kosher,"The Bronx, NY"
Paprika Restaurant,4.5,Not Available,11021,"Kosher, Moroccan, Mediterranean",Kosher,"The Bronx, NY"
Zula Grill,4.5,Not Available,07631,Mediterranean,Kosher,"The Bronx, NY"
Foster Village Kosher Deli,4.5,$$,07621,"Delis, Kosher",Kosher,"The Bronx, NY"
Pizza Fenice,5.0,Not Available,10803,Pizza,Kosher,"The Bronx, NY"
Falafel Place,4.5,Not Available,10710,"Falafel, Vegetarian",Kosher,"The Bronx, NY"
Chop Chop,3.5,$$,10033,"Kosher, Chinese, Sushi Bars",Kosher,"The Bronx, NY"
Louie's Dale Diner,3.5,$$,10463,"Diners, Breakfast & Brunch, Burgers",Kosher,"The Bronx, NY"
S & S Kosher Restaurant,4.0,Not Available,07631,Restaurants,Kosher,"The Bronx, NY"
Sababa Grill,3.5,$$,07666,Middle Eastern,Kosher,"The Bronx, NY"
S&S Cheesecake,4.5,$$,10463,"Desserts, Bakeries, Kosher",Kosher,"The Bronx, NY"
Kin'd,4.5,$$,11366,Thai,Kosher,"The Bronx, NY"
Cheburechnaya,4.0,$$,11374,"Kosher, Russian, Uzbek",Kosher,"The Bronx, NY"
Trattoria L'incontro,4.5,$$$,11105,"Italian, Pizza, Salad",Kosher,"The Bronx, NY"
The Pureganic Cafe,4.0,$$,10528,"Vegan, Gluten-Free, Kosher",Kosher,"The Bronx, NY"
Five Guys,3.5,$$,10803,"Burgers, Fast Food, Hot Dogs",Kosher,"The Bronx, NY"
Yalla Teaneck,4.0,Not Available,07666,"Kosher, Middle Eastern, Mediterranean",Kosher,"The Bronx, NY"
Court Deli,3.5,$$,10451,"Delis, Desserts, Breakfast & Brunch",Kosher,"The Bronx, NY"
Beli Restaurant,5.0,Not Available,10031,Kosher,Kosher,"The Bronx, NY"
Djerdan Burek Astoria,4.0,$$,11106,"Turkish, Modern European",Kosher,"The Bronx, NY"
Eden Wok,2.0,$$,10804,"Chinese, American",Kosher,"The Bronx, NY"
Malka NYC,5.0,Not Available,10023,Kosher,Kosher,"The Bronx, NY"
Happy Daze Caribbean Juice bar,5.0,Not Available,10458,"Juice Bars & Smoothies, Acai Bowls, Caribbean",Kosher,"The Bronx, NY"
City Vineyard,4.0,$$$,10013,"Wine Bars, New American, Venues & Event Spaces",Kosher,"The Bronx, NY"
Cocina Burger Shop,4.5,Not Available,10705,Burgers,Kosher,"The Bronx, NY"
Grill Time,3.5,$$,11021,"Kosher, Middle Eastern",Kosher,"The Bronx, NY"
By the Way Bakery,4.5,$$,10706,"Bakeries, Gluten-Free, Kosher",Kosher,"The Bronx, NY"
Tavlin,3.5,$$,07670,"Mediterranean, Kosher",Kosher,"The Bronx, NY"
